"sample","latitude","longitude","date","time","site","location","successful.count","rowid.x","fov.Facing Up","fov.Limited","fov.Open","mean.relief","sd.relief","rowid.y","broad.Bryozoa","broad.Consolidated","broad.Hydroids","broad.Macroalgae","broad.Octocoral/Black","broad.Seagrasses","broad.Sponges","broad.Stony corals","broad.Unconsolidated"
"FH102",-33.68868897,114.9288721,20201017,06:42:00,"C.FH.3","South-west","Yes",99620,0,0,0.0401364639775236,0.185185185185185,0.39584739066357,35757,0,0,0,0,0,0,0,0,0.0754527162977867
"FHA",-33.683135,114.937827,20201017,06:55:00,"C.FH.3","South-west","Yes",160420,0,0,0.0249283310482363,1.36,0.489897948556636,55458,0,0,0,0.0108141232449579,0,0,0.00540706162247896,0,0.0288376619865544
"FHB",-33.681655,114.957127,20201017,07:02:00,"C.FH.A","South-west","Yes",161220,0,0.0024804663276696,0.0223241969490264,1.96551724137931,0.680480849981921,68401,0,0.00146134736226801,0,0.0160748209849481,0,0,0.0146134736226801,0,0.0102294315358761
"FHD",-33.686897,114.958507,20201017,07:12:00,"C.FH.A","South-west","Yes",165220,0,0,0.024204284158296,0.5,0.606976978666884,49400,0,0,0,0.00202347227842979,0,0,0,0,0.0384459732901659
"FHE",-33.687267,114.951172,20201017,07:16:00,"C.FH.A","South-west","Yes",166020,0,0,0.0240876791521137,0,0,54585,0,0,0,0,0,0,0,0,0.0457791613257645
"FH31",-33.67368897,114.8238721,20201012,08:27:00,"C.FH.2","South-west","Yes",117220,0,0,0.0341122292341805,2.39285714285714,0.685256681526506,51768,0,0.00193065101552243,0,0.0347517182794038,0,0.00772260406208974,0.00386130203104487,0,0.0057919530465673
"FH5",-33.69368897,114.9413721,20201017,08:46:00,"C.FH.5","South-west","Yes",128820,0,0,0.031041440322831,2.18181818181818,0.852802865422442,66344,0,0.00753397824187084,0,0.00150679564837417,0,0.0105475695386192,0.0045203869451225,0,0.009040773890245
"FH108",-33.76118897,114.9238721,20201017,09:32:00,"C.FH.9","South-west","Yes",101220,0,0,0.0395022713806044,1.69565217391304,0.558795995356872,30358,0,0.00329153089101741,0,0.0493729633652612,0,0,0.00329153089101741,0,0.0197491853461045
"FH6",-33.70618897,114.8213721,20201012,10:50:00,"C.FH.6","South-west","Yes",17810,0,0,0.112170499158721,2.4,0.516397779494322,5355,0,0,0,0.149114631873253,0,0.0372786579683131,0,0,0
"FH95",-33.75868897,114.8913721,20201017,11:07:00,"C.FH.8","South-west","Yes",158020,0,0,0.0253068455017082,2.28,0.613731754650732,66380,0,0,0,0.0271063925909194,0,0,0.0075295534974776,0,0.00301182139899104
"IO272",-34.00868897,114.8138721,20201019,06:56:00,"C.IO.21","South-west",NA,164210,0,0.00243560859769835,0.0097424343907934,2.81818181818182,0.404519917477945,54208,0.00368874379829949,0,0,0.0165993470923477,0,0,0,0,0
"FH44",-33.77118897,114.8638721,20201017,11:28:00,"C.FH.10","South-west","Yes",124420,0,0.00241041298409127,0.0297284268037924,2.53846153846154,0.706018086497463,54131,0,0.00184648337241723,0,0.00738593348966893,0,0.0313902173310929,0,0,0.00738593348966893
"FH20",-33.78618897,114.8738721,20201017,11:40:00,"C.FH.11","South-west","Yes",110420,0,0,0.0362122035125837,2.05,0.604805318829299,47700,0,0.0146689019279128,0,0.0104777870913663,0,0.00838222967309304,0.00209555741827326,0,0.00628667225481978
"FH7",-33.78368897,114.8788721,20201017,11:45:00,"C.FH.11","South-west","Yes",143620,0,0,0.0278435194208548,2.43478260869565,0.506869801869702,59736,0,0,0,0.0133871048712328,0,0.0117137167623287,0.0133871048712328,0,0
"FH34",-33.78618897,114.8838721,20201017,11:51:00,"C.FH.11","South-west","Yes",118820,0,0,0.0336530371866061,2.16666666666667,0.637022057270606,48456,0,0.00618811881188119,0,0.0226897689768977,0,0.0123762376237624,0.00206270627062706,0,0.00618811881188119
"FH18",-33.79118897,114.8213721,20201012,13:19:00,"C.FH.12","South-west","Yes",109220,0,0,0.0366099212886692,2,0.794719414239026,47375,0,0.00421985441502268,0,0.0295389809051588,0,0,0,0,0.00843970883004536
"FH26",-33.81118897,114.8288721,20201012,15:10:00,"C.FH.13","South-west","Yes",7410,0,0,0.269179004037685,2.4375,0.51234753829798,3464,0.028735632183908,0.028735632183908,0,0.201149425287356,0,0.172413793103448,0.028735632183908,0,0
"FH27",-33.83618897,114.8713721,20201012,15:39:00,"C.FH.14","South-west","Yes",114820,0,0.00435312554414069,0.0304718788089849,2.25,0.638666373658505,48955,0,0.00408371618172537,0,0.0224604389994895,0,0.00612557427258805,0.00408371618172537,0,0.00408371618172537
"IO333",-34.11301667,114.7251333,20201022,10:01:00,"C.IO.9","South-west","Yes",253620,0,0,0.0157691397934243,0.304347826086957,0.764840007553312,91974,0,0,0.00108699196712936,0,0,0,0,0,0.023913823276846
"IO332",-34.09718333,114.7344833,20201022,10:33:00,"C.IO.10","South-west","Yes",252420,0,0,0.015844094113919,0,0,102320,0,0,0,0,0,0,0,0,0.0244271825687625
"IO319",-34.09368897,114.7313721,20201022,10:37:00,"C.IO.10","South-west","Yes",244820,0,0,0.0163358653924692,1.07692307692308,1.16354894776548,104631,0.000955502259762844,0,0.00477751129881422,0,0,0,0.00191100451952569,0,0.0171990406757312
"IO337",-34.00536667,114.8202333,20201019,07:02:00,"C.IO.21","South-west","Yes",256420,0,0,0.0155969741870077,3,0,118305,0,0,0,0.0253517556090759,0,0,0,0,0
"IOREDO344",-34.0844,114.6744,20201123,07:12:00,"C.IO.14","South-west","Yes",98210,0,0,0.0203603787030439,0.3,0.483045891539648,29325,0,0,0,0,0,0,0,0,0.0340889722174876
"IO269",-33.98868897,114.8138721,20201019,07:18:00,"C.IO.22","South-west","Yes",225220,0,0,0.0177572582793217,2.79166666666667,0.414851116999053,87072,0,0.00114815835400018,0,0.0241113254340039,0,0,0.00229631670800037,0,0
"IO300",-34.08618897,114.6688721,20201123,07:18:00,"C.IO.14","South-west","Yes",237620,0,0,0.0168307666414205,0.739130434782609,0.44897775854488,86372,0,0,0,0,0,0,0,0,0.0266219109902193
"IO58",-34.13618897,114.7738721,20201022,07:21:00,"C.IO.69","South-west","Yes",282820,0,0,0.0141412713002899,2,0.510753918455249,108028,0.00925480324288306,0,0.00647836227001814,0,0.00185096064857661,0,0.00185096064857661,0,0.00277644097286492
"IO343",-34.10261667,114.6407167,20201123,07:38:00,"C.IO.15","South-west","Yes",259620,0,0,0.0154047600708619,0.64,1.113552872566,89270,0,0,0,0,0,0,0.00335965059633798,0,0.0246374377064785
"IO62",-34.13368897,114.7663721,20201022,07:45:00,"C.IO.69","South-west","Yes",284020,0,0,0.0140815320706893,0.642857142857143,0.826159598709403,109454,0,0,0.00182678431157633,0,0,0,0,0,0.0237481960504923
"IO282",-34.14618897,114.5438721,20201029,07:20:00,"C.IO.18","South-west","No",NA,NA,NA,NA,NA,NA,NA,NA,NA,NA,NA,NA,NA,NA,NA,NA
"IO278",-34.11118897,114.6388721,20201123,07:45:00,"C.IO.15","South-west","Yes",228820,0,0,0.0174779341081884,0.91304347826087,0.596432079365658,80297,0,0,0,0,0,0,0.00124501992031873,0,0.027390438247012
"IO277",-34.10618897,114.6463721,20201123,07:53:00,"C.IO.15","South-west","Yes",228020,0,0.00219240550732263,0.0153468385512584,1.36,0.99498743710662,77465,0,0,0,0,0.00387146728610143,0,0.00387146728610143,0,0.0245192928119757
"IO110",-34.14118897,114.7288721,20201022,08:00:00,"C.IO.68","South-west","Yes",173220,0,0.00173150178921852,0.021355188733695,0.333333333333333,0.701964118163034,68118,0,0,0.00146752370050776,0,0,0,0,0,0.0337530451116786
"IO98",-34.13368897,114.7313721,20201022,08:13:00,"C.IO.68","South-west","Yes",295620,0,0,0.0135290536426977,0.45,0.759154654516248,88500,0,0,0,0,0,0,0.00112968820605513,0,0.0214640759150474
"IO95",-34.12618897,114.7338721,20201022,08:21:00,"C.IO.68","South-west","Yes",294020,0,0,0.01360266612256,0.0952380952380952,0.300792603759119,94038,0,0,0,0,0,0,0,0,0.0223264121455682
"IO264",-34.01868897,114.8738721,20201019,09:31:00,"C.IO.19","South-west","Yes",223220,0,0.0013437248051599,0.0165726059303055,1.63636363636364,0.726731400270092,70511,0,0.0241021932995903,0,0,0,0.00425332822933946,0,0,0.00283555215289297
"IO339",-34.01461667,114.8785,20201019,09:41:00,"C.IO.19","South-west","Yes",258020,0,0,0.015500271254747,2.8,0.484234198111502,115950,0,0.00344887049491292,0,0.0155199172271081,0,0.00431108811864114,0.00258665287118469,0,0
"IO352",-34.03618897,114.5988721,20201123,09:43:00,"C.IO.27","South-west","Yes",263220,0,0,0.0151941046873813,1.4,1.1017227888395,108747,0.00275793596072699,0,0.00275793596072699,0,0.000919311986908997,0,0.00643518390836298,0,0.014708991790544
"IO323",-34.03103333,114.6001,20201123,09:48:00,"C.IO.27","South-west","Yes",245620,0,0.00203533338760889,0.0142473337132622,1.2,0.615587011251092,73430,0,0,0,0,0,0,0.00272294077603812,0,0.0245064669843431
"IO263",-34.00868897,114.8788721,20201019,09:52:00,"C.IO.19","South-west","Yes",222420,0,0,0.0179807605861728,2.56,0.506622805119022,84853,0,0,0,0.0141379391597351,0,0.0153161007563797,0,0,0
"IO307",-34.11868897,114.7263721,20201022,09:56:00,"C.IO.9","South-west","Yes",240020,0,0,0.0166625010414063,0.8,0.695852373938459,71660,0,0,0,0,0,0,0.00139508928571429,0,0.0265066964285714
"IO350",-34.02618897,114.6038721,20201123,09:56:00,"C.IO.27","South-west","Yes",261620,0,0,0.0152870136818772,1,0.408248290463863,89975,0.00111111111111111,0,0,0,0,0,0.00111111111111111,0,0.0255555555555556
"IO369",-34.02868897,114.5913721,20201123,10:08:00,"C.IO.27","South-west","Yes",272020,0,0,0.0147026391237227,1.05,0.604805318829299,81700,0,0,0.00122369065100343,0,0,0,0.00122369065100343,0,0.0220264317180617
"IO37",-34.10868897,114.7188721,20201022,10:12:00,"C.IO.55","South-west","Yes",272820,0,0.00183244154511471,0.012827090815803,0.8,0.523148363780597,81900,0,0,0,0,0,0,0.001220703125,0,0.023193359375
"IO351",-34.03118897,114.5963721,20201123,10:13:00,"C.IO.27","South-west","Yes",262420,0,0,0.0152404175874419,0.541666666666667,0.588229965875272,100760,0.000992220987458327,0,0,0,0,0,0,0,0.0228210827115415
"IO40",-34.10368897,114.7138721,20201022,10:17:00,"C.IO.55","South-west","Yes",278820,0,0,0.0143441153266872,0.5,0.707106781186548,102284,0,0,0,0,0,0,0.000977421561919656,0,0.0244355390479914
"IOCP2311",-34.01858,114.601465,20201123,10:19:00,"C.IO.46","South-west","Yes",97810,0,0,0.0204436266993765,0.933333333333333,0.258198889747161,43800,0,0,0,0,0,0,0,0,0.0342348510783978
"FH37",-33.71118897,114.8138721,20201012,11:03:00,"C.FH.6","South-west","Yes",120820,0,0.00413701803739864,0.0289591262617905,2.42307692307692,0.503831473655779,52556,0,0.0019017914875813,0,0.0399376212392073,0,0.00760716595032521,0,0,0
"IO338",-33.97231667,114.92245,20201019,11:50:00,"C.IO.20","South-west","Yes",257220,0,0,0.0155484723625904,1.07692307692308,0.744208407535251,96931,0,0,0,0.00618831028187753,0,0,0.00206277009395918,0,0.0185649308456326
"IO253",-34.01368897,114.7038721,20201123,12:15:00,"C.IO.49","South-west","Yes",57810,0.00864603147155456,0,0.0259380944146637,0.533333333333333,0.516397779494322,26010,0,0,0,0,0,0,0,0,0.0576368876080692
"IO364",-34.00868897,114.6888721,20201123,12:21:00,"C.IO.24","South-west","Yes",270420,0,0,0.0147896176883828,0.608695652173913,0.782718481539738,98253,0.00101754243151939,0,0,0,0,0,0.00101754243151939,0,0.0213683910619073
"IO180",-33.99618897,114.7038721,20201123,12:36:00,"C.IO.41","South-west","Yes",192420,0,0,0.0207835394367661,0,0,64645,0,0,0,0,0,0,0,0,0.0386578011442709
"IOCP11-1",-33.992845,114.696642,20201123,12:39:00,"C.IO.41","South-west","Yes",298420,0,0.00167526636735241,0.0117268645714669,0.0869565217391304,0.28810406552003,107590,0,0,0,0,0,0,0,0,0.021372882458439
"IOCP11-2",-33.974332,114.692773,20201123,12:47:00,NA,"South-west","Yes",299220,0,0,0.0133663035487536,2.51515151515152,0.667139983493538,136934,0.00292041148597837,0,0.00365051435747297,0,0.00219030861448378,0,0.0138719545583973,0,0.00146020574298919
"IO164",-34.03368897,114.9038721,20201016,07:14:00,"C.IO.62","South-west","Yes",190420,0,0,0.0210017851517379,2.22222222222222,0.640512615220349,57580,0,0.00347180030204663,0,0.0295103025673963,0,0.00867950075511656,0,0,0.00520770045306994
"IO184",-34.04118897,114.9038721,20201016,07:19:00,"C.IO.62","South-west","Yes",193220,0,0,0.020697505950533,2.12,0.525991127935317,64970,0,0,0,0.0246172782521732,0,0,0.0107700592353258,0,0.00307715978152166
"IO165",-34.04368897,114.8988721,20201016,07:23:00,"C.IO.62","South-west","Yes",191220,0,0,0.0209139391404371,2.33333333333333,0.483045891539648,61664,0,0,0,0.0210748155953635,0,0.00324227932236362,0.00972683796709086,0,0
"IO374",-33.98618897,114.7463721,20201015,07:31:00,"C.IO.25","South-west","Yes",274820,0,0,0.0145528632758495,2.42105263157895,0.507257273501788,92754,0.00215579963998146,0,0,0,0.011856898019898,0,0.00646739891994438,0,0
"IO361",-33.98868897,114.7413721,20201015,07:35:00,"C.IO.25","South-west","Yes",268820,0,0.00185970393513353,0.0130179275459347,1.52173913043478,1.08164711172743,103986,0.00480727629339769,0,0,0,0,0,0.00480727629339769,0,0.012498918362834
"IO155",-34.04368897,114.8838721,20201016,07:42:00,"C.IO.65","South-west","Yes",188420,0,0.00212246630584739,0.0191021967526266,2.45833333333333,0.588229965875272,77965,0,0,0,0.0205154506988075,0,0.00769329401205283,0.00256443133735094,0,0.00128221566867547
"IO325",-33.991557,114.743378,20201015,07:44:00,"C.IO.25","South-west","Yes",247220,0,0,0.0161773032435493,1.76,0.597215762238964,100285,0.0029907287409032,0,0.00498454790150533,0,0.000996909580301067,0,0.0029907287409032,0,0.0129598245439139
"IOC06",-34.048689,114.876372,20201016,07:48:00,"C.IO.65","South-west","Yes",96610,0,0,0.020697505950533,2.8,0.414039335605413,43125,0,0,0,0.00463606861381548,0,0.0278164116828929,0.00231803430690774,0,0
"IO266",-34.02118897,114.7588721,20201015,08:06:00,"C.IO.23","South-west","Yes",224020,0,0.00178523609747389,0.016067124877265,0.684210526315789,0.671038298207203,80639,0,0,0,0,0,0,0.0024796052468447,0,0.02107664459818
"IO327",-34.02946667,114.7623833,20201015,08:17:00,"C.IO.23","South-west","Yes",248420,0,0,0.016099170892699,2.28,0.678232998312527,100775,0.00496031746031746,0,0.00297619047619048,0,0.00496031746031746,0,0.00992063492063492,0,0.00198412698412698
"IO210",-34.09118897,114.8738721,20201016,10:09:00,"C.IO.6","South-west","Yes",200820,0,0.00149357761625012,0.0184207906004182,2.29166666666667,0.550032937090187,78198,0,0,0,0.0217330162869781,0,0.00639206361381708,0.00127841272276342,0,0.00127841272276342
"IO17",-34.06368897,114.8763721,20201016,08:07:00,"C.IO.35","South-west",NA,146210,0,0,0.0136770840456815,1.89473684210526,0.458831467741124,83106,0,0,0,0.0192481203007519,0,0,0,0,0.00360902255639098
"IO334",-34.06155,114.7753667,20201015,10:11:00,"C.IO.8","South-west","Yes",254420,0,0,0.0157195629961487,0.12,0.439696865275764,103050,0.000970167353868542,0,0,0,0,0,0,0,0.023284016492845
"IO267",-34.02618897,114.7638721,20201015,08:11:00,"C.IO.23","South-west",NA,163410,0,0,0.0122376552652512,1.8,1.03279555898864,49035,0.00611683148129269,0,0,0.00203894382709756,0,0,0.00407788765419513,0,0.00815577530839025
"IO312",-34.05868897,114.7788721,20201015,10:17:00,"C.IO.8","South-west","Yes",243220,0,0.0016443311682973,0.0147989805146757,2.2,0.523148363780597,87395,0.00915164271986822,0.00114395533998353,0,0.00457582135993411,0,0,0.00571977669991764,0,0.00343186601995058
"IO81",-34.09868897,114.8913721,20201016,10:20:00,"C.IO.52","South-west","Yes",93410,0,0,0.0214064005137536,2,0.707106781186548,36114,0,0,0,0.0249121155922163,0,0,0.00276801284357959,0,0.00830403853073878
"IO158",-33.98118897,114.8188721,20201013,10:21:00,"C.IO.33","South-west","Yes",44610,0,0,0.0448129061169617,1.3,0.674948557710553,13415,0,0,0,0.0074487895716946,0,0,0.0074487895716946,0,0.0595903165735568
"IO207",-34.06118897,114.7863721,20201015,10:23:00,"C.IO.7","South-west","Yes",200020,0,0,0.0199940017994602,1.63157894736842,0.83069758608784,61445,0,0,0,0.00488090589613432,0,0,0.00813484316022387,0,0.0178966549524925
"IO145",-33.98618897,114.8238721,20201013,10:24:00,"C.IO.22","South-west","Yes",182820,0,0.00273433227605819,0.0191403259324073,2.54166666666667,0.508977377704051,68550,0,0.00291655729576808,0,0.0291655729576808,0,0.00291655729576808,0,0,0
"IO91",-34.09368897,114.8938721,20201016,10:25:00,"C.IO.52","South-west","Yes",292420,0,0,0.0136770840456815,2.18181818181818,0.664498639244989,102724,0.000973273898740584,0,0.000973273898740584,0.0107060128861464,0,0,0.0058396433924435,0,0.00291982169622175
"IO80",-34.09368897,114.8888721,20201016,10:30:00,"C.IO.52","South-west","Yes",291220,0,0,0.013733434045183,2.65384615384615,0.561591146105969,119781,0,0,0,0.0116854607827589,0,0.00834675770197067,0.000834675770197067,0,0.000834675770197067
"IO335",-34.06686667,114.7939833,20201015,10:31:00,"C.IO.7","South-west","Yes",255220,0,0,0.0156702969521272,2.75,0.440958551844098,94118,0.00212436003653899,0.00318654005480849,0,0.0138083402375035,0,0.00424872007307799,0.00637308010961698,0,0
"IO204",-34.06618897,114.7863721,20201015,10:35:00,"C.IO.7","South-west","Yes",198820,0,0,0.020114653525093,1.64,0.907377172587747,66945,0.00298641182619083,0,0,0.0134388532178587,0,0,0.00597282365238166,0,0.0149320591309542
"IO3",-34.07618897,114.7838721,20201015,12:03:00,"C.IO.43","South-west","Yes",236820,0,0,0.0168876129359115,2.72727272727273,0.455842305838552,74733,0.00535081265467193,0,0,0.0120393284730118,0,0,0.0120393284730118,0,0
"FH32",-33.69618897,114.9463721,20201017,08:50:00,"C.FH.5","South-west",NA,108610,0,0,0.0184111203166713,0.9375,0.928708781050335,51848,0.00385623939534166,0,0,0,0,0,0.00385623939534166,0,0.02313743637205
"IO254",-34.01868897,114.6963721,20201029,08:51:00,"C.IO.49","South-west","No",218020,0,0,0.0183435751627992,1.12,0.665832811847939,74060,0.00134980090436661,0,0.00134980090436661,0,0,0,0.00134980090436661,0,0.0296956198960653
"IO239",-34.09118897,114.9313721,20201016,12:05:00,"C.IO.1","South-west","Yes",214420,0,0,0.0186514967826168,0.0416666666666667,0.204124145231932,83196,0,0,0,0,0,0,0,0,0.0288392213410238
"FH36",-33.69868897,114.9338721,20201017,08:59:00,"C.FH.5","South-west","No",110210,0.0181438809761408,0,0,NA,NA,NA,NA,NA,NA,NA,NA,NA,NA,NA,NA
"IO1",-34.07868897,114.7788721,20201015,12:07:00,"C.IO.43","South-west","Yes",166820,0,0,0.0239721922569819,1.48,1.22882057274445,69790,0,0,0,0.0157559263768531,0,0,0,0,0.020052997206904
"IO357",-34.08496667,114.928,20201016,12:08:00,"C.IO.1","South-west","Yes",267220,0,0,0.0149666990945147,2.40909090909091,0.959121170610586,75580,0.00132271633025581,0.00132271633025581,0,0.00396814899076744,0,0,0.0145498796328139,0,0.00793629798153488
"IO237",-34.08118897,114.9363721,20201016,12:15:00,"C.IO.1","South-west","Yes",55810,0,0,0.0358230342109977,0,0,8440,0,0,0,0,0,0,0,0,0.059206631142688
"FH54",-33.76618897,114.9388721,20201017,09:20:00,"C.FH.9","South-west",NA,116210,0,0,0.017207261464338,2,0,41670,0,0,0,0.0287894054987765,0,0,0,0,0
"IO73",-34.02868897,114.8588721,20201019,09:22:00,"C.IO.60","South-west","Yes",288820,0,0,0.0138475386000138,2.47826086956522,0.510753918455249,94670,0,0,0,0.0105604426937577,0,0.0105604426937577,0.00316813280812732,0,0
"IO4",-34.09118897,114.7813721,20201015,12:17:00,"C.IO.43","South-west","Yes",278020,0,0.00143853844493994,0.0129468460044595,1.15384615384615,1.40548376560692,101938,0.00392295319916833,0,0,0,0,0,0.00686516809854458,0,0.0147110744968813
"IO152",-33.98118897,114.8688721,20201013,12:18:00,"C.IO.37","South-west","Yes",186820,0,0.00214064005137536,0.0192657604623783,2.08333333333333,0.653862548158294,70062,0,0.0128413663213766,0,0.00998772936107068,0,0.00428045544045886,0.00142681848015295,0,0.00570727392061182
"IO218",-34.07368897,114.9213721,20201016,12:28:00,"C.IO.2","South-west","Yes",204820,0,0.00195255296299912,0.0175729766669921,0.96,0.2,84320,0,0,0,0,0,0,0,0,0.0296401683561563
"IO344",-34.0844,114.6744,20201023,09:28:00,"C.IO.14","South-west",NA,182210,0,0,0.0109751413049443,0.769230769230769,0.832050294337844,71487,0,0,0.0013986013986014,0,0,0,0,0,0.0167832167832168
"IO215",-34.06868897,114.9263721,20201016,12:34:00,"C.IO.2","South-west","Yes",202420,0,0,0.0197569890348711,0,0,83355,0,0,0,0,0,0,0,0,0.0299832094027345
"IO125",-34.10868897,114.8263721,20201015,12:38:00,"C.IO.59","South-west","Yes",178820,0,0,0.0223638600022364,2.44,0.506622805119022,71252,0,0.00841786270465929,0,0.0238506109965346,0,0,0.00280595423488643,0,0
"IO123",-34.10618897,114.8188721,20201015,12:42:00,"C.IO.59","South-west","Yes",178020,0,0,0.0224643378636415,2.42857142857143,0.50395263067897,62492,0,0.0111964171465131,0,0.027191298784389,0,0.00479846449136276,0.00159948816378759,0,0
"IO132",-33.99118897,114.8713721,20201013,12:47:00,"C.IO.37","South-west","Yes",180420,0,0,0.0221655768591378,2.45,0.51041778553404,56889,0,0,0,0.0193291043595916,0,0.0087859565270871,0.00702876522166968,0,0
"IO225",-34.07118897,114.8338721,20201015,14:20:00,"C.IO.4","South-west","Yes",208820,0,0,0.0191515847936417,1.92,0.276887462097269,85780,0,0.00233086649962123,0,0.024474098246023,0,0,0,0,0.00233086649962123
"IO223",-34.07118897,114.8463721,20201015,14:25:00,"C.IO.4","South-west","Yes",207220,0,0,0.0192994306667953,1.37037037037037,0.966681402775979,64202,0,0,0,0.0202400784692273,0,0,0,0,0.0217970075822448
"IO16",-34.07368897,114.8688721,20201016,09:43:00,"C.IO.35","South-west",NA,145010,0,0,0.0137902502930428,1.42105263157895,1.1697953037312,82403,0,0,0,0.0121326830215234,0,0,0,0,0.010919414719371
"IO224",-34.06118897,114.8388721,20201015,14:35:00,"C.IO.4","South-west","Yes",208020,0,0.00192252234932231,0.0173027011439008,2.31818181818182,0.476731294622796,71601,0,0.00837719726903369,0,0.0167543945380674,0,0.00558479817935579,0,0,0
"IO353",-34.05436667,114.8390667,20201015,14:43:00,"C.IO.5","South-west","Yes",264020,0,0,0.0151480724077861,2.83333333333333,0.380693493813441,91807,0,0,0,0.0261349653167231,0,0,0,0,0
"IO201",-34.05618897,114.8338721,20201015,14:46:00,"C.IO.5","South-west","Yes",198020,0,0,0.0201959002322529,1.95238095238095,0.589592272353571,63831,0,0.023491824844954,0,0.00626448662532106,0,0.00156612165633026,0.00156612165633026,0,0
"IO222",-34.06618897,114.8313721,20201015,14:54:00,"C.IO.4","South-west","Yes",206420,0,0,0.0193742129226,2.05,0.604805318829299,61870,0,0,0,0.0274680885441913,0,0,0,0,0.00484730974309258
"FH25",-33.87868897,114.8163721,20201013,07:34:00,"C.FH.16","South-west","Yes",113620,0,0.00439908499032201,0.0307935949322541,2.32,0.690410505906933,40720,0.00490857773959995,0.00245428886979998,0,0.0269971775677997,0,0.0171800220885998,0.00245428886979998,0,0.00736286660939993
"FH42",-33.88118897,114.8113721,20201013,07:38:00,"C.FH.16","South-west","Yes",123620,0,0,0.0323467572375869,2.88888888888889,0.320256307610174,48102,0,0.00415549876373912,0,0.0353217394917825,0,0.0166219950549565,0,0,0
"FH58",-33.66368897,114.8413721,20201012,07:47:00,"C.FH.1","South-west","Yes",134820,0,0.00370754856888625,0.0259528399822038,2.17391304347826,0.716822148161496,35760,0,0,0,0.0419193471760333,0,0.0111784925802755,0,0,0.0111784925802755
"FH9",-33.90118897,114.8513721,20201013,07:58:00,"C.FH.19","South-west","Yes",154820,0,0,0.0258297817383443,2.03703703703704,0.517500017204123,43058,0,0.0046419867703377,0,0.0394568875478705,0,0.00696298015550656,0.0046419867703377,0,0.00696298015550656
"FH41",-33.67118897,114.8388721,20201012,08:01:00,"C.FH.1","South-west","Yes",122820,0,0,0.0325573823864561,2.87096774193548,0.340777100548239,42949,0,0.00930665425779432,0,0,0,0.0628199162401117,0,0,0
"FH16",-33.90118897,114.8563721,20201013,08:02:00,"C.FH.19","South-west","Yes",107620,0,0.00743080066877206,0.0297232026750882,2.46875,0.567073699482846,39472,0,0.00253138922640745,0,0.0379708383961118,0,0.0379708383961118,0,0,0.00253138922640745
"FH51",-33.90618897,114.8538721,20201013,08:06:00,"C.FH.19","South-west","Yes",130420,0,0,0.0306607389238081,2.71875,0.581120996783997,49992,0,0.00199904046057892,0,0.0139932832240525,0,0.0379817687509995,0.00599712138173677,0,0.00399808092115784
"FH70",-33.67368897,114.8463721,20201012,08:07:00,"C.FH.1","South-west","Yes",144420,0,0,0.0276893257649176,2,0.612372435695794,41084,0,0.00243303082650057,0,0.0243303082650057,0,0,0.00729909247950172,0,0.00729909247950172
"FH47",-33.90618897,114.8488721,20201013,08:09:00,"C.FH.19","South-west","Yes",126820,0,0,0.0315308213778969,2.45833333333333,0.508977377704051,54315,0,0.0036805977290712,0,0.027604482968034,0,0.0128820920517492,0,0,0
"FH63",-33.67868897,114.8163721,20201012,08:20:00,"C.FH.2","South-west","Yes",138420,0,0,0.0288892098801098,2.48148148148148,0.700020349724556,51360,0,0.00194601747523693,0,0.0408663669799755,0,0.00389203495047386,0,0,0.00583805242571078
"FH59",-33.66868897,114.8188721,20201012,08:32:00,"C.FH.2","South-west","Yes",17410,0,0,0.114744693057946,1.8,0.560611910581388,7845,0,0.0381679389312977,0,0.101781170483461,0,0,0,0,0.0508905852417303
"IO336",-34.0924,114.8663667,20201016,10:03:00,"C.IO.6","South-west",NA,179810,0,0,0.0111216148584775,2.41666666666667,0.514928650544437,65046,0,0.0015370899812475,0,0.00922253988748501,0,0.00768544990623751,0,0,0
"FHC03",-33.948622,114.819555,20201013,09:56:00,"C.FH.22","South-west","Yes",164420,0,0,0.0243220235923629,3,0,64080,0,0,0,0.0093603744149766,0,0.0202808112324493,0.0015600624024961,0,0
"FH68",-33.95118897,114.8288721,20201013,10:01:00,"C.FH.22","South-west","Yes",142020,0,0,0.0281571167112488,2.52,0.585946527708232,45580,0,0,0,0.0416620984541169,0,0.0109637101195044,0,0,0.00219274202390089
"FH99",-33.95368897,114.8363721,20201013,10:04:00,"C.FH.22","South-west","Yes",159620,0,0,0.0250532381310284,2.08,0.276887462097269,61077,0,0,0,0.0343687604333737,0,0,0.00654643055873785,0,0
"FH89",-33.68618897,114.8013721,20201012,10:34:00,"C.FH.4","South-west","Yes",27010,0,0,0.0739918608953015,3,0,10556,0,0,0,0.1230012300123,0,0,0,0,0
"FH45",-33.69368897,114.7988721,20201012,10:39:00,"C.FH.4","South-west","Yes",125220,0,0,0.0319335781574325,2.60869565217391,0.656376446504361,50377,0,0.00198412698412698,0,0.0218253968253968,0,0.0178571428571429,0,0,0.00396825396825397
"FH69",-33.69618897,114.8038721,20201012,10:43:00,"C.FH.4","South-west","Yes",142820,0,0,0.0279994400111998,2.45,0.51041778553404,57530,0,0.0052128583840139,0,0.0139009556907037,0,0.0104257167680278,0.0052128583840139,0,0
"FH65",-33.71368897,114.8188721,20201012,10:59:00,"C.FH.6","South-west","Yes",19810,0,0,0.100857286938981,2.35714285714286,0.497245158098847,8379,0,0.0238293816275468,0,0.131061598951507,0,0.0119146908137734,0,0,0
"FH10",-33.98618897,114.8863721,20201013,12:32:00,"C.FH.24","South-west","Yes",98820,0,0,0.0404612583451345,2.54166666666667,0.508977377704051,44220,0,0.0113009673628063,0,0.0203417412530513,0,0.0226019347256125,0,0,0
"FH52",-33.99118897,114.8888721,20201013,12:36:00,"C.FH.24","South-west","Yes",131220,0,0,0.0304738686576261,2.22222222222222,0.751067616198811,48246,0,0.0310732707724815,0,0,0,0.0227870652331531,0.0020715513848321,0,0
"FH74",-33.73118897,114.8063721,20201012,12:47:00,"C.FH.7","South-west","Yes",146820,0,0.00340460302328748,0.0238322211630124,2.74074074074074,0.594370552161152,51657,0,0,0,0.0154786781208885,0,0.030957356241777,0.00193483476511106,0,0.00386966953022212
"FH57",-33.78868897,114.8113721,20201012,13:12:00,"C.FH.12","South-west","Yes",134020,0,0,0.0298373862449649,2.18518518518519,0.921413505980268,55513,0,0.00180050414115952,0,0.0108030248469571,0,0.0144040331292762,0.00540151242347857,0,0.0162045372704357
"FH106",-33.78868897,114.8163721,20201012,13:16:00,"C.FH.12","South-west","Yes",100420,0,0,0.0398168425243878,2.17391304347826,0.576208131040061,38918,0,0.00513597493644231,0,0.0513597493644231,0,0,0,0,0.00256798746822115
"IO157",-33.97118897,114.8238721,20201013,10:14:00,"C.IO.33","South-west",NA,144610,0,0,0.0138283896840213,2.7,0.483045891539648,43225,0,0,0,0.020816468139239,0,0,0.00231294090435989,0,0
"FH48",-33.79618897,114.8138721,20201012,13:23:00,"C.FH.12","South-west","Yes",13410,0,0,0.148920327624721,2.7,0.470162345981627,7690,0,0.0259403372243839,0,0.012970168612192,0,0.142671854734112,0.0778210116731518,0,0
"FH60",-33.81618897,114.8213721,20201012,15:14:00,"C.FH.13","South-west","Yes",136420,0,0,0.029312619082515,2.20833333333333,0.779027636204913,42930,0.00232807189085999,0.00465614378171998,0,0.00931228756343996,0,0.00931228756343996,0.0186245751268799,0,0.0116403594542999
"FH96",-33.81868897,114.8338721,20201012,15:20:00,"C.FH.13","South-west","Yes",158820,0,0,0.025179403248143,2.41666666666667,0.653862548158294,62844,0,0.00636253737990711,0,0.0127250747598142,0,0.00954380606986066,0.00636253737990711,0,0.00318126868995355
"FH56",-33.83118897,114.8663721,20201012,15:31:00,"C.FH.14","South-west","Yes",133220,0,0,0.030016509079994,2.88461538461538,0.325812593608421,39598,0,0,0,0.00504744599232788,0,0.0580456289117706,0.00252372299616394,0,0
"FH61",-33.84118897,114.8638721,20201012,15:43:00,"C.FH.14","South-west","Yes",137220,0,0,0.0291417747340813,2.85185185185185,0.362013992898246,59811,0,0.00167117884956048,0,0.0150406096460443,0,0.0284100404425282,0,0,0
"IO241",-33.99368897,114.7913721,20201019,06:26:00,"C.IO.42","South-west","Yes",215220,0,0.00046455449224194,0.0181176251974357,2.96,0.2,97383,0,0,0,0.0205321944809461,0,0,0.00513304862023653,0,0
"IO229",-33.99368897,114.7863721,20201019,06:31:00,"C.IO.42","South-west","Yes",212020,0,0,0.0188625860605489,2.7037037037037,0.608580619450185,90354,0,0.00553213617906418,0,0.0165964085371926,0,0,0.00663856341487702,0,0.00110642723581284
"IO227",-33.99868897,114.7838721,20201019,06:37:00,"C.IO.42","South-west","Yes",210420,0,0,0.0190059868858691,2.29166666666667,0.806450444131925,84738,0,0,0,0.0176966093296524,0,0,0.00353932186593049,0,0.00707864373186098
"IO72",-34.03618897,114.8463721,20201019,09:05:00,"C.IO.60","South-west","Yes",288020,0,0,0.0138859959730612,2.48,0.509901951359279,99810,0,0,0,0.0240396654479892,0,0.00100165272699955,0,0,0
"IO262",-34.01368897,114.8738721,20201019,09:46:00,"C.IO.19","South-west","Yes",221620,0,0,0.0180456555084363,2.3,0.470162345981627,66430,0,0,0,0.0300978179082017,0,0,0,0,0
"IO65",-34.01118897,114.8888721,20201019,11:20:00,"C.IO.53","South-west","Yes",285620,0,0,0.014002660505496,1.56,0.711805216802087,98895,0,0.00707642539425799,0,0.00808734330772341,0,0,0,0,0.0101091791346543
"IO64",-34.01368897,114.8963721,20201019,11:26:00,"C.IO.47","South-west","Yes",284820,0,0,0.0140419855367549,2,0.324442842261525,85300,0,0,0,0.0210970464135021,0,0,0.00117205813408345,0,0.00117205813408345
"IO245",-34.00868897,114.9013721,20201019,11:30:00,"C.IO.47","South-west","Yes",216820,0.00922253988748501,0,0.00922253988748501,2.53333333333333,0.516397779494322,71550,0,0.00419199329281073,0,0.00698665548801789,0,0.00838398658562146,0.00139733109760358,0,0
"IO261",-33.97618897,114.9213721,20201019,11:46:00,"C.IO.20","South-west","Yes",220820,0,0.00135832654170062,0.0167526940143077,2.63157894736842,0.83069758608784,82823,0.00241423432558364,0,0,0,0,0.00120711716279182,0.0181067574418773,0,0.00120711716279182
"IO258",-33.96618897,114.9138721,20201019,12:05:00,"C.IO.20","South-west","Yes",160210,0,0,0.0124820570430007,3,0,91143,0.0065816897391457,0,0,0.00548474144928808,0,0,0.00877558631886093,0,0
"IO206",-34.06368897,114.7913721,20201015,10:28:00,"C.IO.7","South-west",NA,150610,0,0,0.0132775675496249,1.8,0.632455532033676,44965,0.0133407448582546,0,0,0,0,0,0.00222345747637576,0,0.00667037242912729
"IO46",-34.06868897,114.7113721,20201023,06:44:00,"C.IO.34","South-west","Yes",279620,0,0,0.0143030823142387,0.05,0.223606797749979,83830,0,0,0,0,0,0,0,0,0.0238521168753727
"IO47",-34.06368897,114.7113721,20201023,06:53:00,"C.IO.34","South-west","Yes",280420,0,0,0.014262283391571,0.25,0.444261658319319,84030,0,0,0,0,0,0,0,0,0.0237953599048186
"IO290",-34.06868897,114.7188721,20201023,07:07:00,"C.IO.13","South-west","Yes",230420,0,0.00216957389568689,0.0151870172698082,0.956521739130435,0.638055345958271,80817,0,0,0.0012370113805047,0,0,0,0.0012370113805047,0,0.0259772389905987
"IO302",-34.07118897,114.7238721,20201023,07:13:00,"C.IO.13","South-west","Yes",238420,0,0,0.0167743017696888,0,0,76366,0,0,0,0,0,0,0,0,0.0274915888829251
"IO113",-34.05868897,114.7388721,20201023,07:30:00,"C.IO.31","South-west","Yes",174020,0,0,0.0229805814087096,0,0,52000,0,0,0,0,0,0,0,0,0.0384467512495194
"IO115",-34.05368897,114.7363721,20201023,07:34:00,"C.IO.31","South-west","Yes",174820,0,0,0.0228754432117122,0.347826086956522,0.714059817469728,64539,0,0,0.00154889873300084,0,0,0,0,0,0.0340757721260184
"IO280",-34.08868897,114.6738721,20201023,09:24:00,"C.IO.14","South-west","Yes",229620,0,0,0.0174170512932161,0.454545454545455,0.509647191437625,81813,0,0,0,0,0,0,0,0,0.0268833628643001
"IO105",-34.06368897,114.6688721,20201023,09:45:00,"C.IO.30","South-west","Yes",170020,0,0,0.0235211101964013,0.782608695652174,0.59973643750101,63042,0,0,0.00158566558312852,0,0,0,0,0,0.0348846428288274
"IO107",-34.06368897,114.6763721,20201023,09:50:00,"C.IO.30","South-west","Yes",170820,0,0.00292637246868781,0.0204846072808147,0.590909090909091,0.734139659030241,59253,0,0,0,0,0,0,0.00168705187684521,0,0.0354280894137495
"IO108",-34.05118897,114.6688721,20201023,10:04:00,"C.IO.30","South-west","Yes",171620,0,0,0.023301875801002,0.3,0.470162345981627,51360,0,0,0,0,0,0,0,0,0.0389256520046711
"IO101",-34.07868897,114.8963721,20201029,10:10:00,"C.IO.39","South-west","Yes",168420,0,0,0.0237445090822747,2.16,0.374165738677394,64498,0,0,0,0.0356462036793082,0,0,0.00309966988515723,0,0
"IO102",-34.07118897,114.9113721,20201029,10:26:00,"C.IO.2","South-west","Yes",169220,0,0,0.0236322816967978,2.92857142857143,0.262265264156481,70938,0,0,0,0.00563650198686695,0,0.026773384437618,0.00704562748358369,0,0
"IO216",-34.06118897,114.9163721,20201029,10:33:00,"C.IO.3","South-west","Yes",203220,0,0.00245990357177999,0.0172193250024599,2.34615384615385,0.628796163621102,73107,0,0.00410211532413548,0,0.0177758330712537,0,0,0.0109389741976946,0,0.00273474354942365
"IO355",-34.05473333,114.9111,20201029,10:38:00,"C.IO.3","South-west","Yes",265620,0,0,0.0150568395693744,1.70833333333333,0.750603621828092,70208,0,0.00284770474997152,0,0.0185100808748149,0,0,0.00284770474997152,0,0.00996696662490033
"IO211",-34.05618897,114.9063721,20201029,10:42:00,"C.IO.3","South-west","Yes",201620,0,0,0.0198353664583953,2.88888888888889,0.320256307610174,70917,0,0,0,0.00422868741542625,0,0.0324199368516013,0.00140956247180875,0,0
"IOC05",-34.05394,114.899843,20201029,10:46:00,"C.IO.3","South-west","Yes",297220,0,0,0.0134562336002153,1.95238095238095,0.218217890235992,101454,0,0,0,0.0197092880019709,0,0,0,0,0.000985464400098546
"FH33",-33.70868897,114.8263721,20201012,10:54:00,"C.FH.6","South-west",NA,109010,0,0.00275153627441988,0.0155920388883793,1.90909090909091,0.539359889970594,35794,0,0.00558581203742494,0,0.0251361541684122,0,0,0,0,0
"IO378",-33.99368897,114.6388721,20201023,12:04:00,"C.IO.26","South-west","Yes",276420,0,0.00180857990306012,0.0126600593214208,0.636363636363636,0.492365963917331,94383,0,0,0,0,0,0,0,0,0.0233038504316509
"IO370",-33.99618897,114.6463721,20201023,12:10:00,"C.IO.26","South-west","Yes",273620,0,0,0.0146166776291749,0.923076923076923,1.16354894776548,100403,0.000995728325483675,0,0,0,0,0,0.00497864162741837,0,0.0199145665096735
"IO297",-34.10618897,114.7488721,20201022,12:21:00,"C.IO.11","South-west","Yes",234420,0,0,0.0170604793994711,0,0,85825,0,0,0,0,0,0,0,0,0.0232978041819559
"IO295",-34.10368897,114.7538721,20201022,12:25:00,"C.IO.11","South-west","Yes",233620,0,0,0.0171188906958829,0,0,69970,0,0,0,0,0,0,0,0,0.0285755107872553
"IO192",-33.98618897,114.6688721,20201023,12:36:00,"C.IO.40","South-west","Yes",195220,0,0,0.0204855065041483,0.227272727272727,0.611930449037204,67411,0,0,0,0,0,0,0,0,0.0326249759020064
"FH62",-33.75618897,114.8813721,20201017,11:17:00,"C.FH.8","South-west",NA,119010,0,0,0.0168024867680417,2.5,0.52704627669473,35515,0,0,0,0.0140745953553835,0,0.00562983814215341,0.00844475721323012,0,0
"FH87",-33.92868897,114.8938721,20201029,12:36:00,"C.FH.21","South-west","Yes",153620,0,0,0.0260314981127164,2.08333333333333,0.829702233998107,37002,0,0.00270080483984227,0,0.0216064387187382,0,0.0162048290390536,0.00540160967968455,0,0.0189056338788959
"FH14",-33.76618897,114.8713721,20201017,11:24:00,"C.FH.10","South-west",NA,102610,0,0.0077949917178213,0.011692487576732,1.83333333333333,0.717740562565273,36714,0,0,0,0.0217829330719381,0,0,0,0,0.0108914665359691
"FH12",-33.91868897,114.8963721,20201029,12:46:00,"C.FH.21","South-west","Yes",105620,0,0.00946431951542684,0.0283929585462805,2.15,0.366347548532523,31470,0,0,0,0.0539853921879962,0,0.00952683391552874,0,0,0
"FH55",-33.92368897,114.9088721,20201029,12:52:00,"C.FH.20","South-west","Yes",132420,0,0,0.0301977955609241,0.703703703703704,0.868899162725891,48759,0,0,0,0,0,0,0.00614930512852048,0,0.0491944410281638
"IO293",-34.08868897,114.7588721,20201022,12:55:00,"C.IO.12","South-west","Yes",232020,0,0,0.0172369214858226,0.615384615384615,1.1688258408137,68337,0.00292555914749206,0,0.00292555914749206,0,0.00292555914749206,0,0,0,0.0292555914749206
"IO330",-34.08833333,114.7545,20201022,13:00:00,"C.IO.12","South-west","Yes",250820,0,0.00199314358606394,0.0139520051024476,2.14285714285714,0.705233647349938,101773,0.00196461724344555,0,0.00884077759550496,0,0.00982308621722773,0,0.00196461724344555,0,0.00491154310861386
"FH109",-33.91618897,114.9088721,20201029,13:04:00,"C.FH.20","South-west","Yes",102020,0,0,0.0391926317852244,2.6,0.598243041616119,36334,0,0.0137536447158497,0,0.00550145788633988,0,0.0247565604885295,0.00825218682950982,0,0.00275072894316994
"IO291",-34.08368897,114.7488721,20201022,13:09:00,"C.IO.12","South-west","Yes",231220,0,0,0.017296549338407,0,0,94275,0,0,0,0,0,0,0,0,0.0265111346765642
"IOC04",-34.08755,114.749265,20201022,13:16:00,"C.IO.12","South-west","Yes",296420,0,0,0.0134925453686838,0.0857142857142857,0.284028640998691,147410,0,0,0,0,0,0,0,0,0.0237376648919936
"FH94",-33.90868897,114.9413721,20201029,14:36:00,"C.FH.18","South-west","Yes",157220,0,0,0.0254355843825512,1.76,1.09087121146357,71955,0,0,0,0.0111141983884412,0,0.00555709919422062,0.00416782439566546,0,0.0138927479855515
"FH11",-33.89868897,114.9388721,20201029,14:48:00,"C.FH.18","South-west","Yes",102820,0,0,0.0388878086719813,1.52,1.35769412362775,22182,0,0,0,0.0180123384518395,0,0,0.036024676903679,0,0.0585400999684784
"FH78",-33.89118897,114.9163721,20201029,14:56:00,"C.FH.17","South-west","Yes",148020,0,0.00337700932054572,0.0236390652438201,0.842105263157895,0.374634324632678,28466,0,0.0105318588730911,0,0,0,0,0,0,0.0561699139898192
"IO372",-34.00618897,114.6438721,20201023,11:53:00,"C.IO.26","South-west",NA,189410,0,0,0.0105579897587499,1.38461538461538,1.38675049056307,74230,0,0,0,0,0,0,0.00538771331977425,0,0.0121223549694921
"FH67",-33.88868897,114.9238721,20201029,15:00:00,"C.FH.17","South-west","Yes",141220,0,0,0.0283165793572136,1,0,39100,0,0,0,0,0,0,0,0,0.0383484596702032
"FH72",-33.88868897,114.9288721,20201029,15:06:00,"C.FH.17","South-west","Yes",146020,0,0,0.0273860057510612,2.9,0.307793505625546,43560,0,0,0,0.00688389169343736,0,0,0.039008719596145,0,0
"FH35",-33.88368897,114.9313721,20201029,15:09:00,"C.FH.17","South-west","Yes",119620,0,0,0.0334280461307037,0.5,0.516397779494322,43477,0,0,0,0,0,0,0,0,0.0367875290276596
"FH82",-33.68618897,114.9238721,20201017,06:46:00,"C.FH.3","South-west","Yes",150420,0,0.00199388541805131,0.0245912534892995,1.58333333333333,0.717281502356772,59808,0.0016713464366894,0,0,0.0133707714935152,0,0,0.00334269287337879,0,0.0217275036769622
"IO228",-34.00368897,114.7938721,20201019,06:46:00,"C.IO.42","South-west","Yes",211220,0,0,0.0189340149578718,2.44,0.506622805119022,80644,0,0.00619816782159194,0,0.0111567020788655,0,0.00247926712863678,0.0099170685145471,0.00123963356431839,0
"FH50",-33.68118897,114.9313721,20201017,06:51:00,"C.FH.3","South-west","Yes",129620,0,0,0.0308499151627333,0,0,23395,0,0,0,0,0,0,0,0,0.0854153320521033
"IO379",-34.08368897,114.6813721,20201123,06:58:00,"C.IO.14","South-west","Yes",277220,0,0,0.0144268917261776,0.285714285714286,0.560611910581388,85658,0,0,0,0,0,0,0.00116714714224022,0,0.0233429428448044
"IO49",-34.06118897,114.7063721,20201023,06:59:00,"C.IO.34","South-west","Yes",281220,0,0,0.0142217165611889,0.4,0.502624689950035,84230,0,0,0,0,0,0,0,0,0.0237388724035608
"FHC",-33.680718,114.965092,20201017,07:07:00,"C.FH.A","South-west","Yes",162020,0,0,0.0246822164630384,3,0,60999,0,0,0,0.0442434372234785,0,0,0,0,0
"IO273",-33.99868897,114.8213721,20201019,07:07:00,"C.IO.22","South-west","Yes",164610,0,0,0.0121484541092146,2.5,0.52704627669473,49385,0,0,0,0.016195971252151,0,0.00404899281303776,0,0,0
"IO328",-33.99356667,114.8213667,20201019,07:13:00,"C.IO.22","South-west","Yes",249220,0,0.0012035625451336,0.0148439380566477,2.875,0.337831962346088,89400,0,0,0,0.0223653605296117,0,0.00447307210592235,0,0,0
"IO329",-34.06481667,114.7266333,20201023,07:18:00,"C.IO.13","South-west","Yes",250020,0,0,0.0159961609213789,0,0,80054,0,0,0,0,0,0,0,0,0.02622541367468
"IO117",-34.06368897,114.7388721,20201023,07:25:00,"C.IO.31","South-west","Yes",175620,0,0.00170784469998861,0.0210634179665262,0,0,52430,0,0,0,0,0,0,0,0,0.0381315538608198
"IO363",-33.98618897,114.7513721,20201015,07:26:00,"C.IO.25","South-west","Yes",269620,0,0,0.0148334940295187,2.9,0.959525744924238,124711,0.00160332208335672,0,0,0.00320664416671343,0.00320664416671343,0,0.0144298987502104,0,0.00160332208335672
"FH71",-33.88368897,114.8188721,20201013,07:30:00,"C.FH.16","South-west","Yes",145220,0,0,0.0275368305108082,2.71875,0.634206387491867,63298,0,0,0,0.0347386704563398,0,0.00947418285172904,0.00157903047528817,0,0.00473709142586452
"IO59",-34.14118897,114.7663721,20201022,07:33:00,"C.IO.69","South-west","Yes",194210,0,0.00154456057251712,0.00875250991093034,0.181818181818182,0.404519917477945,64317,0,0,0,0,0,0,0,0,0.0170998632010944
"IO276",-34.10118897,114.6363721,20201123,07:34:00,"C.IO.15","South-west","Yes",227220,0,0.00176009856551967,0.015840887089677,1,0.561951486949016,68000,0,0,0,0,0,0,0.00147015583651867,0,0.0279329608938547
"IO153",-34.04618897,114.8888721,20201016,07:36:00,"C.IO.65","South-west","Yes",187620,0,0,0.0213151444101034,2.03703703703704,0.436901809201096,65381,0.00611545988258317,0.00152886497064579,0,0.0259907045009785,0,0,0.00458659491193738,0,0.00305772994129158
"IO377",-34.13868897,114.7588721,20201022,07:40:00,"C.IO.69","South-west","Yes",275620,0,0,0.0145106290357687,0,0,82680,0,0,0,0,0,0,0,0,0.0241837968561064
"FH79",-33.88618897,114.8088721,20201013,07:43:00,"C.FH.16","South-west","Yes",148820,0,0.00201531640467553,0.0248555689909983,2.85714285714286,0.356348322549899,59120,0,0.0050720227226618,0,0.0135253939270981,0,0.0287414620950835,0,0,0
"FH24",-33.66868897,114.8438721,20201012,07:55:00,"C.FH.1","South-west",NA,112820,0,0.0026581605528974,0.0327839801524012,1.6,0.502624689950035,33540,0,0,0,0.0357568533969011,0,0,0,0,0.0238379022646007
"IO130",-33.98118897,114.8763721,20201013,12:24:00,"C.IO.37","South-west",NA,NA,NA,NA,NA,NA,NA,NA,NA,NA,NA,NA,NA,NA,NA,NA,NA
"IO15",-34.06118897,114.8663721,20201016,07:59:00,"C.IO.35","South-west","Yes",186020,0,0,0.0214984413630012,2.83333333333333,0.380693493813441,60826,0.00164338537387017,0.00164338537387017,0,0.00493015612161052,0,0.0295809367296631,0.00164338537387017,0,0
"IO34",-34.06118897,114.8713721,20201016,08:02:00,"C.IO.35","South-west","Yes",258820,0,0.000772618403770378,0.0146797496716372,2.65217391304348,0.486984753557674,93993,0,0,0,0.0138274336283186,0,0.0106364874063989,0,0,0
"IO326",-34.00425,114.6892833,20201123,12:26:00,"C.IO.24","South-west",NA,175810,0,0,0.011374623215606,1.18181818181818,0.603022689155527,58201,0,0,0,0,0,0,0.001717858860716,0,0.01717858860716
"IO96",-34.13618897,114.7363721,20201022,08:06:00,"C.IO.68","South-west","Yes",294820,0,0,0.0135657600217052,0.16,0.374165738677394,108753,0,0,0,0,0,0,0,0,0.022982588391035
"FH83",-33.91118897,114.8463721,20201013,08:13:00,"C.FH.19","South-west","Yes",151220,0,0,0.0264445325928864,1.78260869565217,0.671262158456362,56349,0,0,0,0.0301568154402895,0,0,0,0,0.0106435819201022
"IO365",-34.02368897,114.7538721,20201015,08:23:00,"C.IO.23","South-west","Yes",271220,0,0.0011059500110595,0.0136400501364005,2.35,0.489360484929593,81500,0.0134936211972522,0,0.00122669283611384,0,0,0,0.0098135426889107,0,0
"FHC01",-33.669869,114.809825,20201012,08:38:00,"C.FH.2","South-west","Yes",162820,0,0.00122804863072578,0.0233329239837898,2.59090909090909,0.503236279740196,50633,0,0,0,0.0414569144210838,0,0,0.00197413878195637,0,0
"IO189",-33.98868897,114.6638721,20201023,12:31:00,"C.IO.40","South-west",NA,147410,0,0,0.0135657600217052,0.454545454545455,0.934198732993827,48499,0,0,0,0,0,0,0.0020614306328592,0,0.020614306328592
"FH64",-33.70118897,114.9388721,20201017,08:56:00,"C.FH.5","South-west","Yes",139220,0,0,0.0287232514720666,0,0,59505,0,0,0,0,0,0,0,0,0.0419956324542248
"IO75",-34.03368897,114.8538721,20201019,09:10:00,"C.IO.60","South-west","Yes",290420,0,0.000688562969083523,0.0130826964125869,2.54166666666667,0.508977377704051,97994,0,0.00102022077577588,0,0.0091819869819829,0,0.0122426493093105,0.00102022077577588,0.00102022077577588,0
"IO74",-34.02868897,114.8513721,20201019,09:14:00,"C.IO.60","South-west","Yes",289620,0,0,0.0138092936546296,2.8,0.408248290463863,100430,0,0,0,0.00597282365238166,0,0.0189139415658753,0,0,0
"FH28",-33.76368897,114.9338721,20201017,09:24:00,"C.FH.9","South-west","Yes",115620,0,0,0.0345841258862182,0.76,0.66332495807108,35560,0,0,0,0,0,0,0.00281017282562878,0,0.0674441478150906
"FH46",-33.76618897,114.9288721,20201017,09:28:00,"C.FH.9","South-west","Yes",126020,0,0.00237981913374584,0.029351102649532,0.95,0.825577947481897,52575,0,0,0,0.00190132141838578,0,0,0.00190132141838578,0,0.034223785530944
"IO299",-34.08118897,114.6763721,20201023,09:32:00,"C.IO.14","South-west","Yes",236020,0,0.00127086333982886,0.0156739811912226,0.333333333333333,0.483045891539648,75672,0,0,0,0,0,0,0,0,0.0277436486861401
"IO66",-34.01618897,114.8813721,20201019,09:36:00,"C.IO.19","South-west","Yes",286420,0,0,0.0139635551211338,2.42307692307692,0.643308754678618,114717,0,0,0,0.0122011800284113,0,0.00784361573255013,0.000871512859172237,0,0.00174302571834447
"IO298",-34.07618897,114.6713721,20201023,09:39:00,"C.IO.14","South-west","Yes",235220,0,0,0.0170024653574768,0.3,0.470162345981627,70370,0,0,0,0,0,0,0,0,0.0284131268646114
"FH23",-33.94618897,114.8288721,20201013,09:51:00,"C.FH.22","South-west","Yes",112020,0,0,0.0356951633053721,2.48,0.653197264742181,34205,0,0.0262927256792287,0,0.0058428279287175,0,0.035056967572305,0,0,0.0058428279287175
"IO199",-34.08618897,114.8613721,20201016,09:51:00,"C.IO.6","South-west","Yes",197220,0,0.00101389029706986,0.0192639156443273,2.6,0.502624689950035,59150,0,0.00169004563123204,0,0.0219705932060166,0,0.0101402737873923,0,0,0
"IO195",-34.09368897,114.8588721,20201016,09:57:00,"C.IO.6","South-west","Yes",196420,0,0,0.0203603787030439,2.33333333333333,0.679366220486757,75009,0,0,0,0.0226557918865611,0,0.00932885548270164,0,0,0.00399808092115784
"IO109",-34.05618897,114.6738721,20201023,09:57:00,"C.IO.30","South-west","Yes",172420,0,0,0.0231937840658703,0.25,0.550119604220181,51560,0,0,0,0,0,0,0,0,0.0387747188832881
"FH40",-33.92368897,114.8888721,20201029,12:40:00,"C.FH.21","South-west",NA,111410,0,0,0.0179484878398995,2,0.912870929175277,43121,0,0.0023183567487365,0,0.023183567487365,0,0,0,0,0.00463671349747299
"FH113",-33.72368897,114.7963721,20201012,12:41:00,"C.FH.7","South-west",NA,101810,0,0,0.0196405774329765,2.7,0.483045891539648,30385,0,0.00329001480506662,0,0.00329001480506662,0,0.0230301036354664,0.00329001480506662,0,0
"IO311",-34.05618897,114.7688721,20201015,10:03:00,"C.IO.8","South-west","Yes",242420,0,0.00123731749566939,0.0152602491132558,2.36,0.489897948556636,98480,0.0111669458403127,0,0.00304553068372164,0.00406070757829552,0,0,0.00710623826201716,0,0
"FH77",-33.99618897,114.8763721,20201013,12:42:00,"C.FH.24","South-west",NA,123810,0,0,0.0161511749979811,2,0,36935,0,0,0,0.0270672621464339,0,0,0,0,0
"IO349",-34.02368897,114.5963721,20201123,10:03:00,"C.IO.27","South-west","Yes",260820,0,0.00115004216821283,0.0141838534079583,0.95,0.394034462826206,78160,0,0,0,0,0,0,0.00127909951394218,0,0.0243028907649015
"FH2",-33.91868897,114.8913721,20201029,12:43:00,"C.FH.21","South-west",NA,104610,0,0,0.0191149765841537,3,0,15590,0,0,0,0,0,0.0320615581917281,0,0,0
"IO310",-34.05868897,114.7738721,20201015,10:06:00,"C.IO.8","South-west","Yes",241620,0,0,0.0165521807498138,1.44444444444444,0.847318545736323,95930,0.00104213345561033,0,0.00104213345561033,0.00104213345561033,0,0,0.00937920110049293,0,0.0156320018341549
"IO308",-34.11118897,114.7288721,20201022,10:06:00,"C.IO.9","South-west","Yes",240820,0,0,0.0166071576849622,0.454545454545455,0.505649896847432,129682,0,0,0,0,0,0,0,0,0.0254403885441159
"IO92",-34.09868897,114.8863721,20201016,10:16:00,"C.IO.52","South-west","Yes",293220,0,0,0.0136397735797586,2.34782608695652,0.486984753557674,96225,0,0,0,0.0207796525642091,0,0.00311694788463137,0,0,0
"IO146",-33.97618897,114.8213721,20201013,10:17:00,"C.IO.33","South-west","Yes",183620,0,0.00163345311989546,0.020145921812044,2.14814814814815,0.718101326881879,75600,0,0.0171896280428947,0,0.00793367448133603,0,0.00396683724066801,0,0,0.00661139540111336
"IO119",-34.07618897,114.9038721,20201029,10:17:00,"C.IO.39","South-west","Yes",176420,0,0.00170010200612037,0.0209679247421512,2.20833333333333,0.414851116999053,57192,0,0,0,0.0349552572706935,0,0,0.0069910514541387,0,0
"IO235",-34.06618897,114.9138721,20201016,12:49:00,"C.IO.2","South-west",NA,157410,0,0,0.0127040589468335,2.06666666666667,0.961150104723255,70605,0,0.00141602945341263,0,0.00424808836023789,0,0,0.00708014726706315,0,0.00849617672047579
"IO100",-34.07618897,114.9088721,20201029,10:21:00,"C.IO.39","South-west","Yes",167620,0,0,0.0238578074674937,2.28571428571429,0.599823607228292,73178,0,0,0,0.0286861732644865,0,0.0040980247520695,0.00273201650137967,0,0.00273201650137967
"IO36",-34.10368897,114.7188721,20201022,10:23:00,"C.IO.55","South-west","Yes",268020,0,0,0.0149220323808103,0.12,0.33166247903554,92705,0,0,0,0,0,0,0,0,0.0269599913728028
"IO147",-33.98118897,114.8313721,20201013,10:28:00,"C.IO.33","South-west","Yes",184420,0,0,0.021684918139434,2.57692307692308,0.503831473655779,80669,0,0.00123923415329326,0,0.0285023855257451,0,0.00247846830658653,0,0,0
"FH15",-33.68868897,114.8063721,20201012,10:29:00,"C.FH.4","South-west","Yes",106820,0,0.00748643084409508,0.0299457233763803,0,0,37943,0,0,0,0,0,0,0,0,0.0579481101014092
"IO306",-34.10118897,114.7338721,20201022,10:29:00,"C.IO.10","South-west","Yes",239220,0,0.0012538660871019,0.0154643484075901,0.0454545454545455,0.21320071635561,81735,0,0,0,0,0,0,0,0,0.0269090108492239
"IO148",-34.01118897,114.5963721,20201123,10:31:00,"C.IO.46","South-west","Yes",185220,0,0,0.0215912771240419,0.8,0.645497224367903,61800,0,0,0,0,0,0,0.00161746866154468,0,0.0388192478770724
"FH30",-33.75118897,114.8888721,20201017,11:12:00,"C.FH.8","South-west","Yes",116420,0,0.00257599175682638,0.0317705650008587,2.81818181818182,0.394771016975861,41033,0,0,0,0.0535866520521252,0,0,0,0,0
"FHC02",-33.72358,114.813293,20201012,11:13:00,"C.FH.6","South-west","Yes",163620,0,0,0.024440914090187,2.59259259259259,0.50071174413254,85372,0,0.00819681729294254,0,0.0105387650909261,0,0.0128807128889097,0,0,0
"FH93",-33.77618897,114.8688721,20201017,11:33:00,"C.FH.10","South-west","Yes",156420,0,0,0.0255656397801355,2.96296296296296,0.192450089729875,67431,0,0,0.00148240386610928,0,0,0.0311304811882949,0.00741201933054641,0,0
"IO244",-34.00368897,114.9063721,20201019,11:35:00,"C.IO.47","South-west","Yes",216020,0,0,0.0185133759140979,1.88,0.525991127935317,61180,0,0.00816926721673066,0,0.0196062413201536,0,0,0.0049015603300384,0,0.00816926721673066
"IO260",-33.97118897,114.9163721,20201019,11:55:00,"C.IO.20","South-west","Yes",220020,0,0,0.0181768608561301,2.46153846153846,0.508391127441794,85813,0.00232994326588148,0,0,0.0116497163294074,0,0.0104847446964666,0.00582485816470369,0,0
"IO324",-34.00006,114.639778,20201023,11:59:00,"C.IO.26","South-west","Yes",246420,0,0,0.0162298141686278,0.75,0.442325868464691,94704,0,0,0,0,0,0,0,0,0.0253356979984799
"IO259",-33.96868897,114.9213721,20201019,12:00:00,"C.IO.20","South-west","Yes",219220,0,0.000912159080543647,0.0173310225303293,2.64,0.489897948556636,89825,0,0,0,0.00667779632721202,0,0,0.0211463550361714,0,0
"IO254",-34.01868897,114.6963721,20201123,12:10:00,"C.IO.49","South-west","Yes",218020,0,0,0.0183435751627992,1.12,0.665832811847939,74060,0.00134980090436661,0,0.00134980090436661,0,0,0,0.00134980090436661,0,0.0296956198960653
"IO5",-34.08868897,114.7763721,20201015,12:12:00,"C.IO.43","South-west","Yes",282020,0,0,0.0141813798482592,1.04166666666667,0.750603621828092,104537,0.00382551811861019,0,0,0,0,0,0.000956379529652547,0,0.0181712110633984
"IO134",-33.98368897,114.8613721,20201013,12:14:00,"C.IO.37","South-west","Yes",182020,0,0,0.0219707788641107,2.6,0.577350269189626,75440,0,0,0,0.0172265288544358,0,0.0145762936460611,0,0,0.00132511760418737
"IO191",-33.99868897,114.6713721,20201023,12:20:00,"C.IO.40","South-west","Yes",194420,0,0,0.0205697829887895,0.652173913043478,0.647280721183483,62564,0.00319555179190567,0,0,0,0,0,0,0,0.0335532938150095
"IO236",-34.08118897,114.9238721,20201016,12:22:00,"C.IO.1","South-west","Yes",213220,0,0,0.018756447528838,2.16,0.472581562625261,72365,0,0.00138140627158447,0,0.0165768752590137,0,0,0.0151954689874292,0,0.00138140627158447
"IO194",-33.99618897,114.6638721,20201023,12:24:00,"C.IO.40","South-west","Yes",148610,0,0.00134562336002153,0.0121106102401938,0.666666666666667,0.492365963917331,53310,0,0,0,0,0,0,0,0,0.0225047822662316
"FH111",-33.98618897,114.8788721,20201013,12:28:00,"C.FH.24","South-west","Yes",104420,0,0.00287191269385411,0.035420256557534,1.72,0.842614977317636,37461,0,0.00533532518807021,0,0.0213413007522809,0,0.0133383129701755,0,0,0.0266766259403511
"IO331",-34.0984,114.75005,20201022,12:30:00,"C.IO.11","South-west","Yes",251620,0,0.00119208455853135,0.0147023762218867,0,0,96648,0,0,0,0,0,0,0,0,0.0248262164846077
"IO126",-34.11368897,114.8188721,20201015,12:31:00,"C.IO.59","South-west","Yes",179620,0,0,0.0222642769676055,2.5,0.509901951359279,63824,0,0.0062646828504307,0,0.0234925606891151,0,0.0109631949882537,0,0,0
"IO275",-34.09868897,114.6463721,20201123,14:38:00,"C.IO.15","South-west",NA,165010,0,0,0.0121190086650912,1.125,1.5,79224,0,0,0.00504795557799091,0,0,0,0.00252397778899546,0,0.0126198889449773
"IO71",-34.00368897,114.6988721,20201123,12:31:00,"C.IO.41","South-west","Yes",287220,0,0.00104435006614217,0.0128803174824201,0.0454545454545455,0.21320071635561,97827,0,0,0,0,0,0,0,0,0.0224836227248107
"FH8",-33.72368897,114.8013721,20201012,12:34:00,"C.FH.7","South-west","Yes",149620,0,0,0.0267272484297742,2.64,0.489897948556636,51309,0,0.00194802664900456,0,0.0214282931390501,0,0.0253243464370593,0,0,0
"IO122",-34.11618897,114.8263721,20201015,12:35:00,"C.IO.59","South-west","Yes",177220,0,0.00112828613336342,0.021437436533905,2.48,0.509901951359279,58645,0,0,0,0.0374978694392364,0,0.00511334583262315,0,0,0
"IO356",-34.06956667,114.9184667,20201016,12:39:00,"C.IO.2","South-west","Yes",266420,0,0,0.0150116340163627,2.2258064516129,0.804556914057041,138340,0,0.000722694784311742,0,0.00794964262742916,0,0,0.00939503219605264,0,0.00433616870587045
"IO217",-34.06618897,114.9188721,20201016,12:43:00,"C.IO.2","South-west","Yes",204020,0,0.000980103891012447,0.0186219739292365,1,0.288675134594813,83995,0,0.00119019281123542,0,0.00119019281123542,0,0,0,0,0.0273744346584147
"IO313",-34.09618897,114.7563721,20201022,12:47:00,"C.IO.11","South-west","Yes",244020,0,0,0.016389412439564,0.16,0.374165738677394,83290,0,0,0,0,0,0,0,0,0.0300066014523195
"IO133",-33.99118897,114.8663721,20201013,12:50:00,"C.IO.37","South-west","Yes",181220,0,0,0.022067747986318,2.92307692307692,0.271746488194703,64426,0,0,0,0.0139638800968162,0,0.0263762179606529,0,0,0
"FH84",-33.73368897,114.7988721,20201012,12:50:00,"C.FH.7","South-west","Yes",152020,0,0.00197290543206629,0.0243325003288176,2.2962962962963,0.724027985796491,50787,0,0.00393592317077971,0,0.0295194237808478,0,0.0118077695123391,0,0,0.00787184634155941
"FH85",-33.92618897,114.9138721,20201029,12:55:00,"C.FH.20","South-west","Yes",152820,0,0,0.02616773518252,2.07692307692308,0.862316498502576,40053,0,0,0,0.0149752907702291,0,0,0.00748764538511456,0,0.00998352718015275
"FH49",-33.92118897,114.9163721,20201029,13:00:00,"C.FH.20","South-west","Yes",128020,0,0.00234265188193035,0.0288927065438076,2.5,0.512989176042577,44138,0,0,0,0.0226459531681688,0,0.00226459531681688,0.020381357851352,0,0
"IO294",-34.08368897,114.7538721,20201022,13:04:00,"C.IO.12","South-west","Yes",232820,0,0,0.0171777033410633,1.15151515151515,0.712443511849015,122822,0.00244190305644866,0,0.00325587074193154,0,0,0,0.000813967685482886,0,0.0203491921370722
"FH21",-33.79368897,114.8088721,20201012,13:26:00,"C.FH.12","South-west","Yes",111220,0,0,0.0359518245550962,2.64,0.489897948556636,42820,0,0.00700198389543704,0,0.0233399463181235,0,0.0280079355817482,0,0,0
"IO354",-34.06605,114.84,20201015,14:29:00,"C.IO.4","South-west","Yes",264820,0,0.00113267386543834,0.0139696443404063,2.90909090909091,0.291937104060571,126309,0,0.00158300485982492,0,0.0150385461683367,0,0.00949802915894952,0,0,0
"IO226",-34.06368897,114.8438721,20201015,14:32:00,"C.IO.4","South-west","Yes",209620,0,0,0.0190785080606697,2.26086956521739,0.688700443150182,67718,0,0,0,0.0295242172391904,0,0,0,0,0.00442863258587857
"IO220",-34.05618897,114.8438721,20201015,14:39:00,"C.IO.5","South-west","Yes",205620,0,0,0.0194495769717009,2.36,0.489897948556636,69480,0,0.00143874541399899,0,0.0330911445219768,0,0,0.00143874541399899,0,0
"FH66",-33.90618897,114.9363721,20201029,14:40:00,"C.FH.18","South-west","Yes",140420,0,0.00213583938487826,0.0263420190801652,2.92,0.276887462097269,45080,0,0,0,0.00886819643055094,0,0.0399068839374792,0.0066511473229132,0,0
"FH39",-33.90368897,114.9313721,20201029,14:44:00,"C.FH.18","South-west","Yes",121620,0,0,0.0328785138911721,2.08333333333333,0.503610155185335,34239,0.00291860023932522,0,0,0.052534804307854,0,0,0.00875580071797566,0,0.00583720047865044
"FH110",-33.80868897,114.8213721,20201012,15:06:00,"C.FH.13","South-west","Yes",103620,0,0,0.038587690526722,2,0.925820099772551,45749,0,0.0152935264687247,0,0.00873915798212842,0,0.00436957899106421,0.0109239474776605,0,0.00873915798212842
"FH17",-33.83368897,114.8763721,20201012,15:35:00,"C.FH.14","South-west","Yes",108420,0,0.00368799557440531,0.0331919601696478,1.84615384615385,0.464095480892257,36160,0,0,0.00276349969601503,0.0552699939203007,0,0,0,0,0.0138174984800752
"FH92",-33.84368897,114.8713721,20201012,15:47:00,"C.FH.14","South-west","Yes",155620,0,0,0.0256970319928048,2.67857142857143,0.547964004533647,59066,0,0,0,0.0236910684671879,0,0.0203066301147325,0.0016922191762277,0,0.0016922191762277
