"sample","rowid.x","fov.Facing Up","fov.Limited","fov.Open","mean.relief","sd.relief","rowid.y","detailed.Consolidated.Boulder.Turf mat","detailed.Consolidated.Cobbles.No biota","detailed.Consolidated.Cobbles.Turf mat","detailed.Consolidated.Rock.No biota","detailed.Consolidated.Rock.Turf mat","detailed.Consolidated.Rock.Veneer","detailed.Macroalgae.Articulated calcareous.","detailed.Macroalgae.Encrusting.Red","detailed.Macroalgae.Erect course branching.Brown","detailed.Macroalgae.Erect course branching.Green","detailed.Macroalgae.Erect course branching.Red","detailed.Macroalgae.Erect fine branching.Green","detailed.Macroalgae.Erect fine branching.Red","detailed.Macroalgae.Filamentous and filiform.","detailed.Macroalgae.Large canopy-forming.Ecklonia radiata","detailed.Macroalgae.Large canopy-forming.Scytothalia dorycarpa","detailed.Macroalgae.Sheet-like membranous.","detailed.Macroalgae.Small mixed.","detailed.Octocoral/Black.Fan (2D).","detailed.Seagrasses.Strap-like leaves.Thalassodendrum sp.","detailed.Sponges.Crusts.","detailed.Sponges.Erect forms.","detailed.Sponges.Hollow forms.","detailed.Sponges.Massive forms.","detailed.Sponges.Small mixed.","detailed.Stony corals.Sub-massive.Live","detailed.Unconsolidated.Sand.mud (coarse sand)"
"FH102",99620,0,0,100,0.185185185185185,0.39584739066357,34737,0,0,0,0,0,0,0,0,0,0,0,0,0,0,0,0,0,0,0,0,0,0,0,0,0,0,100
"FHA",160420,0,0,100,1.36,0.489897948556636,54395,0,0,0,0,0,0,0,0,8,0,0,0,16,0,0,0,0,0,0,0,0,0,0,12,0,0,64
"FHB",161220,0,10,90,1.96551724137931,0.680480849981921,67065,0,0,0,0,3.44827586206897,0,0,0,0,0,0,6.89655172413793,31.0344827586207,0,0,0,0,0,0,0,0,27.5862068965517,0,6.89655172413793,0,0,24.1379310344828
"FHD",165220,0,0,100,0.5,0.606976978666884,48450,0,0,0,0,0,0,0,0,0,0,0,0,5,0,0,0,0,0,0,0,0,0,0,0,0,0,95
"FHE",166020,0,0,100,0,0,53605,0,0,0,0,0,0,0,0,0,0,0,0,0,0,0,0,0,0,0,0,0,0,0,0,0,0,100
"FH31",117220,0,0,100,2.39285714285714,0.685256681526506,50439,0,0,0,3.57142857142857,0,0,0,0,46.4285714285714,0,0,0,0,0,17.8571428571429,0,0,0,0,14.2857142857143,0,0,0,7.14285714285714,0,0,10.7142857142857
"FH5",128820,0,0,100,2.18181818181818,0.852802865422442,64660,0,0,0,0,22.7272727272727,0,0,0,0,4.54545454545455,0,0,0,0,0,0,0,0,0,31.8181818181818,0,0,0,13.6363636363636,0,0,27.2727272727273
"FH108",101220,0,0,100,1.69565217391304,0.558795995356872,29508,0,0,0,0,4.34782608695652,0,0,0,52.1739130434783,4.34782608695652,0,0,8.69565217391304,0,0,0,0,0,0,0,0,0,0,0,4.34782608695652,0,26.0869565217391
"FH6",17810,0,0,100,2.4,0.516397779494322,5315,0,0,0,0,0,0,0,0,60,0,0,0,0,0,20,0,0,0,0,20,0,0,0,0,0,0,0
"FH95",158020,0,0,100,2.28,0.613731754650732,64985,0,0,0,0,0,0,0,0,68,0,0,0,4,0,0,0,0,0,0,0,0,0,0,20,0,0,8
"IO272",164210,0,20,80,2.81818181818182,0.404519917477945,43326,0,0,0,0,0,0,0,0,11.1111111111111,0,0,0,11.1111111111111,0,33.3333333333333,0,0,44.4444444444444,0,0,0,0,0,0,0,0,0
"FH44",124420,0,7.5,92.5,2.53846153846154,0.706018086497463,52767,0,0,0,0,3.84615384615385,0,0,0,11.5384615384615,0,0,0,0,3.84615384615385,0,0,0,0,0,65.3846153846154,0,0,0,0,0,0,15.3846153846154
"FH20",110420,0,0,100,2.05,0.604805318829299,46410,0,0,35,0,0,0,0,0,25,0,0,0,0,0,0,0,0,0,0,20,0,0,0,5,0,0,15
"FH7",143620,0,0,100,2.43478260869565,0.506869801869702,58376,0,0,0,0,0,0,0,0,0,4.34782608695652,0,0,30.4347826086957,0,0,0,0,0,0,30.4347826086957,0,17.3913043478261,0,8.69565217391304,8.69565217391304,0,0
"FH34",118820,0,0,100,2.16666666666667,0.637022057270606,47194,0,0,0,0,12.5,0,0,0,37.5,0,0,0,8.33333333333333,0,0,0,0,0,0,25,0,0,0,4.16666666666667,0,0,12.5
"FH18",109220,0,0,100,2,0.794719414239026,46085,0,0,0,0,10,0,0,0,25,0,5,0,30,0,10,0,0,0,0,0,0,0,0,0,0,0,20
"FH26",7410,0,0,100,2.4375,0.51234753829798,3210,0,0,0,0,6.66666666666667,0,0,0,20,0,0,0,13.3333333333333,0,13.3333333333333,0,0,0,0,40,0,0,0,6.66666666666667,0,0,0
"FH27",114820,0,12.5,87.5,2.25,0.638666373658505,47650,0,0,0,0,10,0,0,0,50,0,0,0,0,0,5,0,0,0,0,15,0,0,0,10,0,0,10
"IO333",253620,0,0,100,0.304347826086957,0.764840007553312,84167,0,0,0,0,0,0,0,0,0,0,0,0,0,0,0,0,0,0,0,0,0,0,0,0,0,0,100
"IO332",252420,0,0,100,0,0,99430,0,0,0,0,0,0,0,0,0,0,0,0,0,0,0,0,0,0,0,0,0,0,0,0,0,0,100
"IO319",244820,0,0,100,1.07692307692308,1.16354894776548,71430,0,0,0,0,0,0,0,0,0,0,0,0,0,0,0,0,0,0,0,0,0,5,0,5,0,0,90
"IO337",256420,0,0,100,3,0,114993,0,0,0,0,0,0,0,0,0,0,0,0,0,0,100,0,0,0,0,0,0,0,0,0,0,0,0
"IOREDO344",98210,0,0,100,0.3,0.483045891539648,28475,0,0,0,0,0,0,0,0,0,0,0,0,0,0,0,0,0,0,0,0,0,0,0,0,0,0,100
"IO269",225220,0,0,100,2.79166666666667,0.414851116999053,85340,0,0,0,0,4.16666666666667,0,0,0,0,0,0,0,33.3333333333333,0,54.1666666666667,0,0,0,0,0,0,4.16666666666667,0,4.16666666666667,0,0,0
"IO300",237620,0,0,100,0.739130434782609,0.44897775854488,84497,0,0,0,0,0,0,0,0,0,0,0,0,0,0,0,0,0,0,0,0,0,0,0,0,0,0,100
"IO58",282820,0,0,100,2,0.510753918455249,30258,0,0,0,0,0,0,0,0,0,0,0,0,0,0,0,0,0,0,28.5714285714286,0,0,0,0,28.5714285714286,0,0,42.8571428571429
"IO343",259620,0,0,100,0.64,1.113552872566,86900,0,0,0,0,0,0,0,0,0,0,0,0,0,0,0,0,0,0,0,0,0,0,0,12,0,0,88
"IO62",284020,0,0,100,0.642857142857143,0.826159598709403,100855,0,0,0,0,0,0,0,0,0,0,0,0,0,0,0,0,0,0,0,0,0,0,0,0,0,0,100
"IO282",NA,NA,NA,NA,NA,NA,NA,NA,NA,NA,NA,NA,NA,NA,NA,NA,NA,NA,NA,NA,NA,NA,NA,NA,NA,NA,NA,NA,NA,NA,NA,NA,NA,NA
"IO278",228820,0,0,100,0.91304347826087,0.596432079365658,78704,0,0,0,0,0,0,0,0,0,0,0,0,0,0,0,0,0,0,0,0,0,0,0,4.34782608695652,0,0,95.6521739130435
"IO277",228020,0,12.5,87.5,1.36,0.99498743710662,76050,0,0,0,0,0,0,0,0,0,0,0,0,0,0,0,0,0,0,12,0,0,0,0,12,0,0,76
"IO110",173220,0,7.5,92.5,0.333333333333333,0.701964118163034,62797,0,0,0,0,0,0,0,0,0,0,0,0,0,0,0,0,0,0,0,0,0,0,0,0,0,0,100
"IO98",295620,0,0,100,0.45,0.759154654516248,85740,0,0,0,0,0,0,0,0,0,0,0,0,0,0,0,0,0,0,0,0,0,0,0,5,0,0,95
"IO95",294020,0,0,100,0.0952380952380952,0.300792603759119,91080,0,0,0,0,0,0,0,0,0,0,0,0,0,0,0,0,0,0,0,0,0,0,0,0,0,0,100
"IO264",223220,0,7.5,92.5,1.63636363636364,0.726731400270092,69231,0,0,77.2727272727273,0,0,0,0,0,0,0,0,0,0,0,0,0,0,0,0,13.6363636363636,0,0,0,0,0,0,9.09090909090909
"IO339",258020,0,0,100,2.8,0.484234198111502,112755,0,0,0,0,13.3333333333333,0,3.33333333333333,0,16.6666666666667,0,0,3.33333333333333,6.66666666666667,0,30,0,0,0,0,16.6666666666667,0,6.66666666666667,0,3.33333333333333,0,0,0
"IO352",263220,0,0,100,1.4,1.1017227888395,92052,0,0,0,0,0,0,0,0,0,0,0,0,0,0,0,0,0,0,4.16666666666667,0,4.16666666666667,8.33333333333333,0,16.6666666666667,0,0,66.6666666666667
"IO323",245620,0,12.5,87.5,1.2,0.615587011251092,71630,0,0,0,0,0,0,0,0,0,0,0,0,0,0,0,0,0,0,0,0,0,10,0,0,0,0,90
"IO263",222420,0,0,100,2.56,0.506622805119022,83243,0,0,0,0,0,0,0,0,0,0,0,4,44,0,0,0,0,0,0,52,0,0,0,0,0,0,0
"IO307",240020,0,0,100,0.8,0.695852373938459,70160,0,0,0,0,0,0,0,0,0,0,0,0,0,0,0,0,0,0,0,0,0,5,0,0,0,0,95
"IO350",261620,0,0,100,1,0.408248290463863,85318,0,0,0,0,0,0,0,0,0,0,0,0,0,0,0,0,0,0,0,0,0,4.16666666666667,0,0,0,0,95.8333333333333
"IO369",272020,0,0,100,1.05,0.604805318829299,76838,0,0,0,0,0,0,0,0,0,0,0,0,0,0,0,0,0,0,0,0,0,5.26315789473684,0,0,0,0,94.7368421052632
"IO37",272820,0,12.5,87.5,0.8,0.523148363780597,79460,0,0,0,0,0,0,0,0,0,0,0,0,0,0,0,0,0,0,0,0,0,0,0,0,5,0,95
"IO351",262420,0,0,100,0.541666666666667,0.588229965875272,95660,0,0,0,0,0,0,0,0,0,0,0,0,0,0,0,0,0,0,0,0,0,0,0,0,0,0,100
"IO40",278820,0,0,100,0.5,0.707106781186548,99255,0,0,0,0,0,0,0,0,0,0,0,0,0,0,0,0,0,0,0,0,0,0,0,3.84615384615385,0,0,96.1538461538462
"IOCP2311",97810,0,0,100,0.933333333333333,0.258198889747161,42525,0,0,0,0,0,0,0,0,0,0,0,0,0,0,0,0,0,0,0,0,0,0,0,0,0,0,100
"FH37",120820,0,12.5,87.5,2.42307692307692,0.503831473655779,51203,0,0,0,0,3.84615384615385,0,0,0,46.1538461538462,0,0,7.69230769230769,26.9230769230769,0,0,0,0,0,0,15.3846153846154,0,0,0,0,0,0,0
"IO338",257220,0,0,100,1.07692307692308,0.744208407535251,94279,0,0,0,0,0,0,0,0,23.0769230769231,0,0,0,0,0,0,0,0,0,0,0,0,3.84615384615385,0,0,3.84615384615385,0,69.2307692307692
"IO253",57810,25,0,75,0.533333333333333,0.516397779494322,25815,0,0,0,0,0,0,0,0,0,0,0,0,0,0,0,0,0,0,0,0,0,0,0,0,0,0,100
"IO364",270420,0,0,100,0.608695652173913,0.782718481539738,93014,0,0,0,0,0,0,0,0,0,0,0,0,0,0,0,0,0,0,0,0,0,0,0,4.54545454545455,0,0,95.4545454545455
"IO180",192420,0,0,100,0,0,63560,0,0,0,0,0,0,0,0,0,0,0,0,0,0,0,0,0,0,0,0,0,0,0,0,0,0,100
"IOCP11-1",298420,0,12.5,87.5,0.0869565217391304,0.28810406552003,104236,0,0,0,0,0,0,0,0,0,0,0,0,0,0,0,0,0,0,0,0,0,0,0,0,0,0,100
"IOCP11-2",299220,0,0,100,2.51515151515152,0.667139983493538,101232,0,0,0,0,0,0,0,0,0,0,0,0,0,0,0,0,0,0,12.5,0,0,66.6666666666667,8.33333333333333,4.16666666666667,0,0,8.33333333333333
"IO164",190420,0,0,100,2.22222222222222,0.640512615220349,56716,0,0,0,0,7.40740740740741,0,0,0,22.2222222222222,0,0,0,25.9259259259259,0,14.8148148148148,0,0,0,0,18.5185185185185,0,0,0,0,0,0,11.1111111111111
"IO184",193220,0,0,100,2.12,0.525991127935317,63885,0,0,0,0,0,0,0,0,36,0,0,4,24,0,0,0,0,0,0,0,0,4,0,24,0,0,8
"IO165",191220,0,0,100,2.33333333333333,0.483045891539648,60542,0,0,0,0,0,0,0,0,0,0,0,0,61.9047619047619,0,0,0,0,0,0,9.52380952380952,0,14.2857142857143,0,4.76190476190476,9.52380952380952,0,0
"IO374",274820,0,0,100,2.42105263157895,0.507257273501788,78824,0,0,0,0,0,0,0,0,0,0,0,0,0,0,0,0,0,0,64.7058823529412,0,0,23.5294117647059,0,11.7647058823529,0,0,0
"IO361",268820,0,12.5,87.5,1.52173913043478,1.08164711172743,73715,0,0,0,0,0,0,0,0,0,0,0,0,0,0,0,0,0,0,0,0,0,11.1111111111111,0,16.6666666666667,0,0,72.2222222222222
"IO155",188420,0,10,90,2.45833333333333,0.588229965875272,76475,0,0,0,0,0,0,0,0,16,0,0,0,32,0,8,0,4,4,0,24,0,4,0,4,0,0,4
"IO325",247220,0,0,100,1.76,0.597215762238964,65818,0,0,0,0,0,0,0,0,0,0,0,0,0,0,0,0,0,0,5.88235294117647,0,0,11.7647058823529,0,5.88235294117647,0,0,76.4705882352941
"IOC06",96610,0,0,100,2.8,0.414039335605413,41955,0,0,0,0,0,0,0,0,13.3333333333333,0,0,0,0,0,0,0,0,0,0,80,0,0,0,6.66666666666667,0,0,0
"IO266",224020,0,10,90,0.684210526315789,0.671038298207203,78929,0,0,0,0,0,0,0,0,0,0,0,0,0,0,0,0,0,0,0,0,0,10.5263157894737,0,0,0,0,89.4736842105263
"IO327",248420,0,0,100,2.28,0.678232998312527,66077,0,0,0,0,0,0,0,0,0,0,0,0,0,0,0,0,0,0,29.4117647058824,0,0,41.1764705882353,0,17.6470588235294,0,0,11.7647058823529
"IO210",200820,0,7.5,92.5,2.29166666666667,0.550032937090187,76668,0,0,0,0,0,0,0,0,8.33333333333333,0,0,8.33333333333333,29.1666666666667,0,8.33333333333333,0,0,16.6666666666667,0,20.8333333333333,0,0,0,0,4.16666666666667,0,4.16666666666667
"IO17",146210,0,0,100,1.89473684210526,0.458831467741124,81358,0,0,0,0,0,0,0,0,0,0,0,0,10.5263157894737,0,0,0,0,73.6842105263158,0,0,0,0,0,0,0,0,15.7894736842105
"IO334",254420,0,0,100,0.12,0.439696865275764,97956,0,0,0,0,0,0,0,0,0,0,0,0,0,0,0,0,0,0,0,0,0,0,0,0,0,0,100
"IO267",163410,0,0,100,1.8,1.03279555898864,33544,0,0,0,0,0,0,0,0,0,0,0,0,0,0,14.2857142857143,0,0,0,0,0,0,0,0,28.5714285714286,0,0,57.1428571428571
"IO312",243220,0,10,90,2.2,0.523148363780597,47683,0,0,0,0,0,7.69230769230769,0,0,0,0,0,0,15.3846153846154,0,15.3846153846154,0,0,0,0,0,0,38.4615384615385,0,0,0,0,23.0769230769231
"IO81",93410,0,0,100,2,0.707106781186548,35126,0,0,0,0,0,0,0,0,0,0,0,0,53.8461538461538,0,15.3846153846154,0,0,0,0,0,0,0,0,7.69230769230769,0,0,23.0769230769231
"IO158",44610,0,0,100,1.3,0.674948557710553,13305,0,0,0,0,0,0,0,0,10,0,0,0,0,0,0,0,0,0,0,0,0,0,0,10,0,0,80
"IO207",200020,0,0,100,1.63157894736842,0.83069758608784,60241,0,0,0,0,0,0,0,0,0,5.26315789473684,0,0,10.5263157894737,0,0,0,0,0,0,0,0,5.26315789473684,0,15.7894736842105,5.26315789473684,0,57.8947368421053
"IO145",182820,0,12.5,87.5,2.54166666666667,0.508977377704051,67288,0,0,0,0,8.33333333333333,0,0,0,12.5,0,12.5,16.6666666666667,20.8333333333333,0,20.8333333333333,0,0,0,0,8.33333333333333,0,0,0,0,0,0,0
"IO91",292420,0,0,100,2.18181818181818,0.664498639244989,94033,0,0,0,0,0,0,0,0,25,0,0,0,30,0,0,0,0,0,0,0,0,15,0,15,0,0,15
"IO80",291220,0,0,100,2.65384615384615,0.561591146105969,115975,0,0,0,0,0,0,0,0,0,0,0,0,34.6153846153846,0,19.2307692307692,0,0,0,0,38.4615384615385,0,0,0,0,3.84615384615385,0,3.84615384615385
"IO335",255220,0,0,100,2.75,0.440958551844098,87269,0,0,0,0,11.5384615384615,0,0,0,0,0,0,0,7.69230769230769,0,42.3076923076923,0,0,0,0,15.3846153846154,0,7.69230769230769,0,15.3846153846154,0,0,0
"IO204",198820,0,0,100,1.64,0.907377172587747,62905,0,0,0,0,0,0,0,0,0,0,0,0,34.7826086956522,0,4.34782608695652,0,0,0,0,0,0,17.3913043478261,0,0,0,0,43.4782608695652
"IO3",236820,0,0,100,2.72727272727273,0.455842305838552,65413,0,0,0,0,0,0,0,0,0,0,0,0,50,0,0,0,0,0,0,0,0,33.3333333333333,0,16.6666666666667,0,0,0
"FH32",108610,0,0,100,0.9375,0.928708781050335,44149,0,0,0,0,0,0,0,0,0,0,0,0,0,0,0,0,0,0,0,0,0,7.14285714285714,0,7.14285714285714,0,0,85.7142857142857
"IO254",218020,0,0,100,1.12,0.665832811847939,69380,0,0,0,0,0,0,0,0,0,0,0,0,0,0,0,0,0,0,0,0,0,0,0,4.34782608695652,0,0,95.6521739130435
"IO239",214420,0,0,100,0.0416666666666667,0.204124145231932,81666,0,0,0,0,0,0,0,0,0,0,0,0,0,0,0,0,0,0,0,0,0,0,0,0,0,0,100
"FH36",110210,100,0,0,NA,NA,NA,NA,NA,NA,NA,NA,NA,NA,NA,NA,NA,NA,NA,NA,NA,NA,NA,NA,NA,NA,NA,NA,NA,NA,NA,NA,NA,NA
"IO1",166820,0,0,100,1.48,1.22882057274445,68395,0,0,0,0,0,0,0,0,0,0,0,0,44,0,0,0,0,0,0,0,0,0,0,0,0,0,56
"IO357",267220,0,0,100,2.40909090909091,0.959121170610586,71204,0,0,0,0,4.76190476190476,0,0,0,4.76190476190476,0,0,0,0,0,9.52380952380952,0,0,0,0,0,0,28.5714285714286,0,19.047619047619,4.76190476190476,0,28.5714285714286
"IO237",55810,0,0,100,0,0,8375,0,0,0,0,0,0,0,0,0,0,0,0,0,0,0,0,0,0,0,0,0,0,0,0,0,0,100
"FH54",116210,0,0,100,2,0,40614,0,0,0,0,0,0,0,0,100,0,0,0,0,0,0,0,0,0,0,0,0,0,0,0,0,0,0
"IO73",288820,0,0,100,2.47826086956522,0.510753918455249,91702,0,0,0,0,0,0,0,0,0,0,0,26.0869565217391,13.0434782608696,0,4.34782608695652,0,0,0,0,43.4782608695652,4.34782608695652,0,0,8.69565217391304,0,0,0
"IO4",278020,0,10,90,1.15384615384615,1.40548376560692,76587,0,0,0,0,0,0,0,0,0,0,0,0,0,0,0,0,0,0,0,0,0,4.54545454545455,0,0,27.2727272727273,0,68.1818181818182
"IO152",186820,0,10,90,2.08333333333333,0.653862548158294,68789,0,0,20.8333333333333,0,16.6666666666667,0,0,0,29.1666666666667,0,0,0,0,0,0,0,0,0,0,12.5,0,0,0,4.16666666666667,0,0,16.6666666666667
"IO218",204820,0,10,90,0.96,0.2,82690,0,0,0,0,0,0,0,0,0,0,0,0,0,0,0,0,0,0,0,0,0,0,0,0,0,0,100
"IO344",182210,0,0,100,0.769230769230769,0.832050294337844,64002,0,0,0,0,0,0,0,0,0,0,0,0,0,0,0,0,0,0,0,0,0,0,0,0,0,0,100
"IO215",202420,0,0,100,0,0,81725,0,0,0,0,0,0,0,0,0,0,0,0,0,0,0,0,0,0,0,0,0,0,0,0,0,0,100
"IO125",178820,0,0,100,2.44,0.506622805119022,69898,0,0,0,0,24,0,0,0,8,0,0,0,20,0,40,0,0,0,0,0,0,4,0,0,4,0,0
"IO123",178020,0,0,100,2.42857142857143,0.50395263067897,61464,0,0,3.57142857142857,0,21.4285714285714,0,0,0,0,0,0,0,28.5714285714286,0,32.1428571428571,0,0,0,0,10.7142857142857,0,3.57142857142857,0,0,0,0,0
"IO132",180420,0,0,100,2.45,0.51041778553404,55823,0,0,0,0,0,0,0,0,0,0,0,35,20,0,0,0,0,0,0,25,0,15,0,5,0,0,0
"IO225",208820,0,0,100,1.92,0.276887462097269,84150,0,0,0,0,8,0,0,0,0,0,0,0,40,0,0,0,0,44,0,0,0,0,0,0,0,0,8
"IO223",207220,0,0,100,1.37037037037037,0.966681402775979,63242,0,0,0,0,0,0,0,0,37.037037037037,0,0,0,11.1111111111111,0,0,0,0,0,0,0,0,0,0,0,0,0,51.8518518518518
"IO16",145010,0,0,100,1.42105263157895,1.1697953037312,80655,0,0,0,0,0,0,0,0,0,0,0,0,31.5789473684211,0,5.26315789473684,0,0,15.7894736842105,0,0,0,0,0,0,0,0,47.3684210526316
"IO224",208020,0,10,90,2.31818181818182,0.476731294622796,70271,0,0,9.09090909090909,0,18.1818181818182,0,0,0,9.09090909090909,0,0,0,31.8181818181818,0,13.6363636363636,0,0,0,0,18.1818181818182,0,0,0,0,0,0,0
"IO353",264020,0,0,100,2.83333333333333,0.380693493813441,89253,0,0,0,0,0,0,0,0,12.5,0,0,0,0,0,45.8333333333333,41.6666666666667,0,0,0,0,0,0,0,0,0,0,0
"IO201",198020,0,0,100,1.95238095238095,0.589592272353571,62687,42.8571428571429,0,23.8095238095238,0,4.76190476190476,0,0,0,9.52380952380952,0,0,0,0,0,9.52380952380952,0,0,0,0,4.76190476190476,0,0,0,4.76190476190476,0,0,0
"IO222",206420,0,0,100,2.05,0.604805318829299,60740,0,0,0,0,0,0,0,0,55,0,0,0,25,0,5,0,0,0,0,0,0,0,0,0,0,0,15
"FH25",113620,0,12.5,87.5,2.32,0.690410505906933,39273,0,0,0,0,4.34782608695652,0,0,0,30.4347826086957,0,0,8.69565217391304,8.69565217391304,0,0,0,0,0,0,30.4347826086957,0,0,0,4.34782608695652,0,0,13.0434782608696
"FH42",123620,0,0,100,2.88888888888889,0.320256307610174,46902,0,0,0,0,7.40740740740741,0,0,0,0,0,0,0,7.40740740740741,0,55.5555555555556,0,0,0,0,29.6296296296296,0,0,0,0,0,0,0
"FH58",134820,0,12.5,87.5,2.17391304347826,0.716822148161496,34996,0,0,0,0,0,0,0,0,56.5217391304348,0,0,0,8.69565217391304,0,0,0,0,0,0,17.3913043478261,0,0,0,0,0,0,17.3913043478261
"FH9",154820,0,0,100,2.03703703703704,0.517500017204123,42335,0,0,0,0,7.40740740740741,0,0,0,14.8148148148148,0,0,0,48.1481481481481,0,0,0,0,0,0,11.1111111111111,0,0,0,0,7.40740740740741,0,11.1111111111111
"FH41",122820,0,0,100,2.87096774193548,0.340777100548239,41901,0,0,0,0,12.9032258064516,0,0,0,0,0,0,0,0,0,0,0,0,0,0,87.0967741935484,0,0,0,0,0,0,0
"FH16",107620,0,20,80,2.46875,0.567073699482846,38452,0,0,0,3.125,0,0,0,6.25,21.875,0,0,0,15.625,0,3.125,0,0,0,0,46.875,0,0,0,0,0,0,3.125
"FH51",130420,0,0,100,2.71875,0.581120996783997,48856,0,0,0,0,3.125,0,0,0,9.375,0,0,0,0,0,12.5,0,0,0,0,59.375,0,3.125,0,3.125,3.125,0,6.25
"FH70",144420,0,0,100,2,0.612372435695794,40169,0,0,5.88235294117647,0,0,0,0,0,23.5294117647059,0,0,0,35.2941176470588,0,0,0,0,0,0,0,0,17.6470588235294,0,0,0,0,17.6470588235294
"FH47",126820,0,0,100,2.45833333333333,0.508977377704051,52959,0,0,0,4.16666666666667,4.16666666666667,0,0,0,33.3333333333333,0,0,8.33333333333333,4.16666666666667,0,16.6666666666667,0,0,0,0,29.1666666666667,0,0,0,0,0,0,0
"FH63",138420,0,0,100,2.48148148148148,0.700020349724556,50229,0,0,0,0,3.7037037037037,0,0,0,51.8518518518518,0,0,0,3.7037037037037,0,7.40740740740741,14.8148148148148,0,0,0,7.40740740740741,0,0,0,0,0,0,11.1111111111111
"FH59",17410,0,0,100,1.8,0.560611910581388,7785,0,0,0,20,0,0,0,0,46.6666666666667,0,0,0,6.66666666666667,0,0,0,0,0,0,0,0,0,0,0,0,0,26.6666666666667
"IO336",179810,0,0,100,2.41666666666667,0.514928650544437,63066,0,0,0,0,8.33333333333333,0,0,0,8.33333333333333,0,0,0,41.6666666666667,0,0,0,0,0,0,41.6666666666667,0,0,0,0,0,0,0
"FHC03",164420,0,0,100,3,0,62715,0,0,0,0,0,0,0,0,0,0,0,0,5,0,25,0,0,0,0,65,0,0,0,0,5,0,0
"FH68",142020,0,0,100,2.52,0.585946527708232,44625,0,0,0,0,0,0,0,0,28,0,0,0,16,0,32,0,0,0,0,20,0,0,0,0,0,0,4
"FH99",159620,0,0,100,2.08,0.276887462097269,59848,0,0,0,0,0,0,0,0,48,0,0,0,36,0,0,0,0,0,0,0,0,0,0,8,8,0,0
"FH89",27010,0,0,100,3,0,10491,0,0,0,0,0,0,0,0,0,0,0,0,0,0,100,0,0,0,0,0,0,0,0,0,0,0,0
"FH45",125220,0,0,100,2.60869565217391,0.656376446504361,49109,0,0,0,0,4.34782608695652,0,0,0,17.3913043478261,0,0,0,0,0,30.4347826086957,0,0,0,0,39.1304347826087,0,0,0,0,0,0,8.69565217391304
"FH69",142820,0,0,100,2.45,0.51041778553404,56185,0,0,0,0,15,0,0,0,0,0,0,0,35,0,5,0,0,0,0,30,0,5,0,10,0,0,0
"FH65",19810,0,0,100,2.35714285714286,0.497245158098847,8309,0,0,0,0,14.2857142857143,0,0,0,50,0,0,0,0,0,28.5714285714286,0,0,0,0,7.14285714285714,0,0,0,0,0,0,0
"FH10",98820,0,0,100,2.54166666666667,0.508977377704051,42945,0,0,0,0,20.8333333333333,0,0,0,37.5,0,0,0,0,0,0,0,0,0,0,41.6666666666667,0,0,0,0,0,0,0
"FH52",131220,0,0,100,2.22222222222222,0.751067616198811,47130,0,0,33.3333333333333,0,22.2222222222222,0,0,0,0,0,0,0,0,0,0,0,0,0,0,40.7407407407407,0,0,0,0,3.7037037037037,0,0
"FH74",146820,0,12.5,87.5,2.74074074074074,0.594370552161152,50609,0,0,0,0,0,0,0,0,14.8148148148148,0,0,0,3.7037037037037,0,11.1111111111111,0,0,0,0,59.2592592592593,0,0,0,0,3.7037037037037,0,7.40740740740741
"FH57",134020,0,0,100,2.18518518518519,0.921413505980268,54229,0,0,0,0,3.7037037037037,0,0,0,0,0,0,0,3.7037037037037,0,18.5185185185185,0,0,0,0,29.6296296296296,0,0,0,3.7037037037037,7.40740740740741,0,33.3333333333333
"FH106",100420,0,0,100,2.17391304347826,0.576208131040061,37813,0,0,0,8.69565217391304,0,0,0,0,73.9130434782609,0,0,0,0,0,13.0434782608696,0,0,0,0,0,0,0,0,0,0,0,4.34782608695652
"IO157",144610,0,0,100,2.7,0.483045891539648,42305,0,0,0,0,0,0,0,0,0,0,0,0,20,0,70,0,0,0,0,0,0,0,0,0,10,0,0
"FH48",13410,0,0,100,2.7,0.470162345981627,7610,0,0,0,0,10,0,0,0,0,0,0,0,0,0,5,0,0,0,0,55,5,10,0,0,15,0,0
"FH60",136420,0,0,100,2.20833333333333,0.779027636204913,41444,0,0,0,0,8.69565217391304,0,0,0,8.69565217391304,0,0,0,8.69565217391304,0,0,0,0,0,0,17.3913043478261,0,8.69565217391304,0,17.3913043478261,8.69565217391304,0,21.7391304347826
"FH96",158820,0,0,100,2.41666666666667,0.653862548158294,61538,0,0,0,0,8.33333333333333,8.33333333333333,0,0,20.8333333333333,0,0,0,0,0,12.5,0,0,0,0,25,4.16666666666667,0,0,8.33333333333333,4.16666666666667,0,8.33333333333333
"FH56",133220,0,0,100,2.88461538461538,0.325812593608421,38738,0,0,0,0,0,0,0,0,3.84615384615385,0,0,0,3.84615384615385,0,0,0,0,0,0,88.4615384615385,0,0,0,3.84615384615385,0,0,0
"FH61",137220,0,0,100,2.85185185185185,0.362013992898246,58431,0,0,0,0,3.7037037037037,0,0,0,11.1111111111111,0,0,0,3.7037037037037,0,18.5185185185185,0,0,0,0,62.962962962963,0,0,0,0,0,0,0
"IO241",215220,0,2.5,97.5,2.96,0.2,95492,0,0,0,0,0,0,0,0,0,0,0,0,4,0,76,0,0,0,0,0,0,0,0,20,0,0,0
"IO229",212020,0,0,100,2.7037037037037,0.608580619450185,88698,0,0,7.40740740740741,0,11.1111111111111,0,0,0,0,0,0,0,0,0,55.5555555555556,0,0,0,0,0,0,7.40740740740741,0,14.8148148148148,0,0,3.7037037037037
"IO227",210420,0,0,100,2.29166666666667,0.806450444131925,83121,0,0,0,0,0,0,0,0,8.33333333333333,4.16666666666667,0,0,0,0,50,0,0,0,0,0,0,4.16666666666667,0,0,8.33333333333333,0,25
"IO72",288020,0,0,100,2.48,0.509901951359279,96690,0,0,0,0,0,0,0,0,0,0,0,44,52,0,0,0,0,0,0,4,0,0,0,0,0,0,0
"IO262",221620,0,0,100,2.3,0.470162345981627,65180,0,0,0,0,0,0,0,0,50,0,0,15,35,0,0,0,0,0,0,0,0,0,0,0,0,0,0
"IO65",285620,0,0,100,1.56,0.711805216802087,95775,0,0,0,0,28,0,0,0,32,0,0,0,0,0,0,0,0,0,0,0,0,0,0,0,0,0,40
"IO64",284820,0,0,100,2,0.324442842261525,82560,0,0,0,0,0,0,0,0,20,0,0,0,65,0,0,0,0,5,0,0,0,0,0,5,0,0,5
"IO245",216820,50,0,50,2.53333333333333,0.516397779494322,70050,0,0,0,0,20,0,0,0,0,0,0,0,26.6666666666667,0,0,0,0,6.66666666666667,0,40,6.66666666666667,0,0,0,0,0,0
"IO261",220820,0,7.5,92.5,2.63157894736842,0.83069758608784,71567,0,0,0,0,0,0,0,0,0,0,0,0,0,0,0,0,0,0,0,5.88235294117647,0,35.2941176470588,0,23.5294117647059,29.4117647058824,0,5.88235294117647
"IO258",160210,0,0,100,3,0,61022,0,0,0,0,0,0,0,0,0,23.0769230769231,0,0,15.3846153846154,0,0,0,0,0,0,0,0,7.69230769230769,0,46.1538461538462,7.69230769230769,0,0
"IO206",150610,0,0,100,1.8,0.632455532033676,17598,0,0,0,0,0,0,0,0,0,0,0,0,0,0,0,0,0,0,0,0,0,0,0,25,0,0,75
"IO46",279620,0,0,100,0.05,0.223606797749979,81320,0,0,0,0,0,0,0,0,0,0,0,0,0,0,0,0,0,0,0,0,0,0,0,0,0,0,100
"IO47",280420,0,0,100,0.25,0.444261658319319,81520,0,0,0,0,0,0,0,0,0,0,0,0,0,0,0,0,0,0,0,0,0,0,0,0,0,0,100
"IO290",230420,0,12.5,87.5,0.956521739130435,0.638055345958271,74327,0,0,0,0,0,0,0,0,0,0,0,0,0,0,0,0,0,0,0,0,0,0,0,4.54545454545455,0,0,95.4545454545455
"IO302",238420,0,0,100,0,0,74741,0,0,0,0,0,0,0,0,0,0,0,0,0,0,0,0,0,0,0,0,0,0,0,0,0,0,100
"IO113",174020,0,0,100,0,0,51030,0,0,0,0,0,0,0,0,0,0,0,0,0,0,0,0,0,0,0,0,0,0,0,0,0,0,100
"IO115",174820,0,0,100,0.347826086956522,0.714059817469728,59273,0,0,0,0,0,0,0,0,0,0,0,0,0,0,0,0,0,0,0,0,0,0,0,0,0,0,100
"IO280",229620,0,0,100,0.454545454545455,0.509647191437625,80131,0,0,0,0,0,0,0,0,0,0,0,0,0,0,0,0,0,0,0,0,0,0,0,0,0,0,100
"IO105",170020,0,0,100,0.782608695652174,0.59973643750101,57869,0,0,0,0,0,0,0,0,0,0,0,0,0,0,0,0,0,0,0,0,0,0,0,0,0,0,100
"IO107",170820,0,12.5,87.5,0.590909090909091,0.734139659030241,58113,0,0,0,0,0,0,0,0,0,0,0,0,0,0,0,0,0,0,0,0,0,0,0,4.54545454545455,0,0,95.4545454545455
"IO108",171620,0,0,100,0.3,0.470162345981627,50400,0,0,0,0,0,0,0,0,0,0,0,0,0,0,0,0,0,0,0,0,0,0,0,0,0,0,100
"IO101",168420,0,0,100,2.16,0.374165738677394,63269,0,0,0,0,0,0,0,0,0,0,0,4,88,0,0,0,0,0,0,0,0,0,0,8,0,0,0
"IO102",169220,0,0,100,2.92857142857143,0.262265264156481,69608,0,0,0,0,0,0,0,0,0,0,0,0,14.2857142857143,0,0,0,0,0,0,67.8571428571429,3.57142857142857,0,0,3.57142857142857,10.7142857142857,0,0
"IO216",203220,0,12.5,87.5,2.34615384615385,0.628796163621102,71812,0,0,0,0,11.5384615384615,0,0,0,11.5384615384615,0,0,0,38.4615384615385,0,0,0,0,0,0,0,0,3.84615384615385,0,23.0769230769231,3.84615384615385,0,7.69230769230769
"IO355",265620,0,0,100,1.70833333333333,0.750603621828092,68424,0,0,0,8.33333333333333,0,0,0,0,45.8333333333333,0,0,0,8.33333333333333,0,0,0,0,0,0,0,0,4.16666666666667,0,4.16666666666667,0,0,29.1666666666667
"IO211",201620,0,0,100,2.88888888888889,0.320256307610174,69696,0,0,0,0,0,0,0,0,0,3.7037037037037,0,0,7.40740740740741,0,0,0,0,0,0,85.1851851851852,0,3.7037037037037,0,0,0,0,0
"IOC05",297220,0,0,100,1.95238095238095,0.218217890235992,98256,0,0,0,0,0,0,0,0,57.1428571428571,0,0,0,38.0952380952381,0,0,0,0,0,0,0,0,0,0,0,0,0,4.76190476190476
"FH33",109010,0,15,85,1.90909090909091,0.539359889970594,34826,0,18.1818181818182,0,0,0,0,0,0,0,0,0,9.09090909090909,63.6363636363636,0,9.09090909090909,0,0,0,0,0,0,0,0,0,0,0,0
"IO378",276420,0,12.5,87.5,0.636363636363636,0.492365963917331,91553,0,0,0,0,0,0,0,0,0,0,0,0,0,0,0,0,0,0,0,0,0,0,0,0,0,0,100
"IO370",273620,0,0,100,0.923076923076923,1.16354894776548,94999,0,0,0,0,0,0,0,0,0,0,0,0,0,0,0,0,0,0,0,0,0,0,0,20,0,0,80
"IO297",234420,0,0,100,0,0,83845,0,0,0,0,0,0,0,0,0,0,0,0,0,0,0,0,0,0,0,0,0,0,0,0,0,0,100
"IO295",233620,0,0,100,0,0,68510,0,0,0,0,0,0,0,0,0,0,0,0,0,0,0,0,0,0,0,0,0,0,0,0,0,0,100
"IO192",195220,0,0,100,0.227272727272727,0.611930449037204,66173,0,0,0,0,0,0,0,0,0,0,0,0,0,0,0,0,0,0,0,0,0,0,0,0,0,0,100
"FH62",119010,0,0,100,2.5,0.52704627669473,34635,0,0,0,0,0,0,0,0,0,0,0,0,30,0,0,0,0,20,0,20,0,0,0,10,20,0,0
"FH87",153620,0,0,100,2.08333333333333,0.829702233998107,36378,0,0,0,0,4.16666666666667,0,0,0,25,0,0,0,4.16666666666667,0,4.16666666666667,0,0,0,0,25,0,0,0,8.33333333333333,0,0,29.1666666666667
"FH14",102610,0,40,60,1.83333333333333,0.717740562565273,35694,0,0,0,0,0,0,0,0,0,41.6666666666667,0,0,8.33333333333333,0,16.6666666666667,0,0,0,0,0,0,0,0,0,0,0,33.3333333333333
"FH12",105620,0,25,75,2.15,0.366347548532523,30620,0,0,0,0,0,0,0,0,50,5,0,0,30,0,0,0,0,0,0,15,0,0,0,0,0,0,0
"FH55",132420,0,0,100,0.703703703703704,0.868899162725891,47643,0,0,0,0,0,0,0,0,0,0,0,0,0,0,0,0,0,0,0,0,0,3.7037037037037,0,7.40740740740741,0,0,88.8888888888889
"IO293",232020,0,0,100,0.615384615384615,1.1688258408137,47655,0,0,0,0,0,0,0,0,0,0,0,0,0,0,0,0,0,0,9.09090909090909,0,0,0,0,0,0,0,90.9090909090909
"IO330",250820,0,12.5,87.5,2.14285714285714,0.705233647349938,60480,0,0,0,0,0,0,0,0,0,0,0,0,0,0,0,0,0,0,58.8235294117647,0,0,11.7647058823529,0,0,0,0,29.4117647058824
"FH109",102020,0,0,100,2.6,0.598243041616119,35314,0,0,20,0,5,0,0,0,5,0,0,0,0,0,5,0,0,0,0,45,0,0,0,15,0,0,5
"IO291",231220,0,0,100,0,0,92325,0,0,0,0,0,0,0,0,0,0,0,0,0,0,0,0,0,0,0,0,0,0,0,0,0,0,100
"IOC04",296420,0,0,100,0.0857142857142857,0.284028640998691,142880,0,0,0,0,0,0,0,0,0,0,0,0,0,0,0,0,0,0,0,0,0,0,0,0,0,0,100
"FH94",157220,0,0,100,1.76,1.09087121146357,70394,0,0,0,0,0,0,0,0,12,8,0,0,12,0,0,0,0,0,0,16,0,0,0,12,0,0,40
"FH11",102820,0,0,100,1.52,1.35769412362775,21587,0,0,0,0,0,0,0,0,8,0,0,0,0,0,8,0,0,0,0,0,0,0,0,32,0,0,52
"FH78",148020,0,12.5,87.5,0.842105263157895,0.374634324632678,27956,0,0,0,15.7894736842105,0,0,0,0,0,0,0,0,0,0,0,0,0,0,0,0,0,0,0,0,0,0,84.2105263157895
"IO372",189410,0,0,100,1.38461538461538,1.38675049056307,71916,0,0,0,0,0,0,0,0,0,0,0,0,0,0,0,0,0,0,0,0,0,0,0,30.7692307692308,0,0,69.2307692307692
"FH67",141220,0,0,100,1,0,38195,0,0,0,0,0,0,0,0,0,0,0,0,0,0,0,0,0,0,0,0,0,0,0,0,0,0,100
"FH72",146020,0,0,100,2.9,0.307793505625546,42630,0,0,0,0,0,0,0,0,15,0,0,0,0,0,0,0,0,0,0,0,0,0,0,75,10,0,0
"FH35",119620,0,0,100,0.5,0.516397779494322,42324,0,0,0,0,0,0,0,0,0,0,0,0,0,0,0,0,0,0,0,0,0,0,0,0,0,0,100
"FH82",150420,0,7.5,92.5,1.58333333333333,0.717281502356772,54873,0,0,0,0,0,0,0,0,0,0,0,0,34.7826086956522,0,0,0,0,0,0,0,0,0,0,8.69565217391304,0,0,56.5217391304348
"IO228",211220,0,0,100,2.44,0.506622805119022,79188,0,0,0,0,20,0,0,4,0,0,0,0,28,0,4,0,0,0,0,8,0,16,0,16,0,4,0
"FH50",129620,0,0,100,0,0,22895,0,0,0,0,0,0,0,0,0,0,0,0,0,0,0,0,0,0,0,0,0,0,0,0,0,0,100
"IO379",277220,0,0,100,0.285714285714286,0.560611910581388,83121,0,0,0,0,0,0,0,0,0,0,0,0,0,0,0,0,0,0,0,0,0,4.76190476190476,0,0,0,0,95.2380952380952
"IO49",281220,0,0,100,0.4,0.502624689950035,81720,0,0,0,0,0,0,0,0,0,0,0,0,0,0,0,0,0,0,0,0,0,0,0,0,0,0,100
"FHC",162020,0,0,100,3,0,59841,0,0,0,0,0,0,0,0,0,0,0,0,3.7037037037037,0,96.2962962962963,0,0,0,0,0,0,0,0,0,0,0,0
"IO273",164610,0,0,100,2.5,0.52704627669473,48235,0,0,0,0,0,0,0,0,0,0,0,30,50,0,0,0,0,0,0,20,0,0,0,0,0,0,0
"IO328",249220,0,7.5,92.5,2.875,0.337831962346088,87048,0,0,0,0,0,0,0,0,0,0,0,0,20.8333333333333,0,62.5,0,0,0,0,16.6666666666667,0,0,0,0,0,0,0
"IO329",250020,0,0,100,0,0,77935,0,0,0,0,0,0,0,0,0,0,0,0,0,0,0,0,0,0,0,0,0,0,0,0,0,0,100
"IO117",175620,0,7.5,92.5,0,0,51450,0,0,0,0,0,0,0,0,0,0,0,0,0,0,0,0,0,0,0,0,0,0,0,0,0,0,100
"IO363",269620,0,0,100,2.9,0.959525744924238,110222,0,0,0,0,0,0,0,0,0,14.2857142857143,0,0,0,0,0,0,0,0,14.2857142857143,0,0,42.8571428571429,0,14.2857142857143,7.14285714285714,0,7.14285714285714
"FH71",145220,0,0,100,2.71875,0.634206387491867,61976,0,0,0,0,0,0,0,0,0,0,3.125,0,6.25,0,59.375,0,0,0,0,18.75,0,0,0,0,3.125,0,9.375
"IO59",194210,0,15,85,0.181818181818182,0.404519917477945,62139,0,0,0,0,0,0,0,0,0,0,0,0,0,0,0,0,0,0,0,0,0,0,0,0,0,0,100
"IO276",227220,0,10,90,1,0.561951486949016,66660,0,0,0,0,0,0,0,0,0,0,0,0,0,0,0,0,0,0,0,0,0,0,0,5,0,0,95
"IO153",187620,0,0,100,2.03703703703704,0.436901809201096,59072,0,0,0,0,4.34782608695652,0,0,0,0,0,0,4.34782608695652,65.2173913043478,0,0,0,4.34782608695652,0,0,0,0,0,0,13.0434782608696,0,0,8.69565217391304
"IO377",275620,0,0,100,0,0,80210,0,0,0,0,0,0,0,0,0,0,0,0,0,0,0,0,0,0,0,0,0,0,0,0,0,0,100
"FH79",148820,0,7.5,92.5,2.85714285714286,0.356348322549899,57901,0,0,0,0,10.7142857142857,0,0,0,3.57142857142857,0,0,0,0,0,25,0,0,0,0,60.7142857142857,0,0,0,0,0,0,0
"FH24",112820,0,7.5,92.5,1.6,0.502624689950035,32680,0,0,0,0,0,0,0,0,60,0,0,0,0,0,0,0,0,0,0,0,0,0,0,0,0,0,40
"IO130",NA,NA,NA,NA,NA,NA,NA,NA,NA,NA,NA,NA,NA,NA,NA,NA,NA,NA,NA,NA,NA,NA,NA,NA,NA,NA,NA,NA,NA,NA,NA,NA,NA,NA
"IO15",186020,0,0,100,2.83333333333333,0.380693493813441,58530,0,0,0,0,4.34782608695652,0,0,0,4.34782608695652,0,0,4.34782608695652,0,0,4.34782608695652,0,0,0,0,78.2608695652174,0,0,0,0,4.34782608695652,0,0
"IO34",258820,0,5,95,2.65217391304348,0.486984753557674,91368,0,0,0,0,0,0,0,0,13.0434782608696,0,0,0,26.0869565217391,0,17.3913043478261,0,0,0,0,43.4782608695652,0,0,0,0,0,0,0
"IO326",175810,0,0,100,1.18181818181818,0.603022689155527,56507,0,0,0,0,0,0,0,0,0,0,0,0,0,0,0,0,0,0,0,0,0,0,0,9.09090909090909,0,0,90.9090909090909
"IO96",294820,0,0,100,0.16,0.374165738677394,105363,0,0,0,0,0,0,0,0,0,0,0,0,0,0,0,0,0,0,0,0,0,0,0,0,0,0,100
"FH83",151220,0,0,100,1.78260869565217,0.671262158456362,55142,0,0,0,0,0,0,0,0,34.7826086956522,0,0,0,39.1304347826087,0,0,0,0,0,0,0,0,0,0,0,0,0,26.0869565217391
"IO365",271220,0,7.5,92.5,2.35,0.489360484929593,34723,0,0,0,0,0,0,0,0,0,0,0,0,0,0,0,0,0,0,0,0,0,12.5,0,12.5,75,0,0
"FHC01",162820,0,5,95,2.59090909090909,0.503236279740196,49671,0,0,0,0,0,0,0,0,0,0,0,0,45.4545454545455,0,13.6363636363636,0,0,36.3636363636364,0,0,0,0,0,4.54545454545455,0,0,0
"IO189",147410,0,0,100,0.454545454545455,0.934198732993827,47487,0,0,0,0,0,0,0,0,0,0,0,0,0,0,0,0,0,0,0,0,0,9.09090909090909,0,0,0,0,90.9090909090909
"FH64",139220,0,0,100,0,0,58135,0,0,0,0,0,0,0,0,0,0,0,0,0,0,0,0,0,0,0,0,0,0,0,0,0,0,100
"IO75",290420,0,5,95,2.54166666666667,0.508977377704051,94950,0,0,0,0,4.16666666666667,0,0,0,0,0,0,0,37.5,0,0,0,0,0,0,50,0,0,0,4.16666666666667,0,4.16666666666667,0
"IO74",289620,0,0,100,2.8,0.408248290463863,97310,0,0,0,0,0,0,0,0,0,0,0,0,20,4,0,0,0,0,0,76,0,0,0,0,0,0,0
"FH28",115620,0,0,100,0.76,0.66332495807108,34655,0,0,0,0,0,0,0,0,0,0,0,0,0,0,0,0,0,0,0,0,0,4,0,0,0,0,96
"FH46",126020,0,7.5,92.5,0.95,0.825577947481897,51235,0,0,0,0,0,0,0,0,5,0,0,0,0,0,0,0,0,0,0,0,0,5,0,0,0,0,90
"IO299",236020,0,7.5,92.5,0.333333333333333,0.483045891539648,74087,0,0,0,0,0,0,0,0,0,0,0,0,0,0,0,0,0,0,0,0,0,0,0,0,0,0,100
"IO66",286420,0,0,100,2.42307692307692,0.643308754678618,111033,0,0,0,0,0,0,0,0,3.84615384615385,3.84615384615385,0,0,34.6153846153846,0,11.5384615384615,0,0,0,0,34.6153846153846,0,0,0,0,3.84615384615385,0,7.69230769230769
"IO298",235220,0,0,100,0.3,0.470162345981627,68910,0,0,0,0,0,0,0,0,0,0,0,0,0,0,0,0,0,0,0,0,0,0,0,0,0,0,100
"FH23",112020,0,0,100,2.48,0.653197264742181,33345,0,0,32,0,4,0,0,0,0,0,0,0,0,0,8,0,0,0,0,48,0,0,0,0,0,0,8
"IO199",197220,0,5,95,2.6,0.502624689950035,58100,0,0,0,5,0,0,0,0,0,0,0,0,60,0,5,0,0,0,0,30,0,0,0,0,0,0,0
"IO195",196420,0,0,100,2.33333333333333,0.679366220486757,73716,0,0,0,0,0,0,0,0,14.8148148148148,0,0,0,33.3333333333333,0,14.8148148148148,0,0,0,0,25.9259259259259,0,0,0,0,0,0,11.1111111111111
"IO109",172420,0,0,100,0.25,0.550119604220181,50600,0,0,0,0,0,0,0,0,0,0,0,0,0,0,0,0,0,0,0,0,0,0,0,0,0,0,100
"FH40",111410,0,0,100,2,0.912870929175277,41977,0,0,0,7.69230769230769,0,0,0,0,0,0,0,0,76.9230769230769,0,0,0,0,0,0,0,0,0,0,0,0,0,15.3846153846154
"FH113",101810,0,0,100,2.7,0.483045891539648,29535,0,0,0,0,10,0,0,0,10,0,0,0,0,0,0,0,0,0,0,70,0,0,0,10,0,0,0
"IO311",242420,0,7.5,92.5,2.36,0.489897948556636,37469,0,0,0,0,0,0,0,0,0,36.3636363636364,0,0,0,0,0,0,0,0,0,0,0,9.09090909090909,0,9.09090909090909,45.4545454545455,0,0
"FH77",123810,0,0,100,2,0,36055,0,0,0,0,0,0,0,0,100,0,0,0,0,0,0,0,0,0,0,0,0,0,0,0,0,0,0
"IO349",260820,0,7.5,92.5,0.95,0.394034462826206,76020,0,0,0,0,0,0,0,0,0,0,0,0,0,0,0,0,0,0,0,0,0,0,0,0,5,0,95
"FH2",104610,0,0,100,3,0,15160,0,0,0,0,0,0,0,0,0,0,0,0,0,0,0,0,0,0,0,100,0,0,0,0,0,0,0
"IO310",241620,0,0,100,1.44444444444444,0.847318545736323,86870,0,0,0,0,0,0,0,0,0,4,0,0,0,0,0,0,0,0,0,0,0,32,0,4,0,0,60
"IO308",240820,0,0,100,0.454545454545455,0.505649896847432,126857,0,0,0,0,0,0,0,0,0,0,0,0,0,0,0,0,0,0,0,0,0,0,0,0,0,0,100
"IO92",293220,0,0,100,2.34782608695652,0.486984753557674,93231,0,0,0,0,0,0,0,0,8.69565217391304,0,0,0,69.5652173913043,0,4.34782608695652,0,0,4.34782608695652,0,13.0434782608696,0,0,0,0,0,0,0
"IO146",183620,0,7.5,92.5,2.14814814814815,0.718101326881879,74234,0,0,0,0,48.1481481481481,0,0,0,0,0,0,0,0,0,22.2222222222222,0,0,0,0,11.1111111111111,0,0,0,0,0,0,18.5185185185185
"IO119",176420,0,7.5,92.5,2.20833333333333,0.414851116999053,56188,0,0,0,0,0,0,0,0,0,4.16666666666667,0,0,79.1666666666667,0,0,0,0,0,0,0,0,12.5,0,4.16666666666667,0,0,0
"IO235",157410,0,0,100,2.06666666666667,0.961150104723255,69105,0,0,0,0,6.66666666666667,0,0,0,0,0,0,0,13.3333333333333,0,6.66666666666667,0,0,0,0,0,0,20,0,13.3333333333333,0,0,40
"IO100",167620,0,0,100,2.28571428571429,0.599823607228292,71765,0,0,0,0,0,0,0,0,0,0,0,0,67.8571428571429,0,3.57142857142857,0,0,3.57142857142857,0,10.7142857142857,0,7.14285714285714,0,0,0,0,7.14285714285714
"IO36",268020,0,0,100,0.12,0.33166247903554,90190,0,0,0,0,0,0,0,0,0,0,0,0,0,0,0,0,0,0,0,0,0,0,0,0,0,0,100
"IO147",184420,0,0,100,2.57692307692308,0.503831473655779,79137,0,0,0,0,3.84615384615385,0,0,0,46.1538461538462,0,0,15.3846153846154,19.2307692307692,0,7.69230769230769,0,0,0,0,7.69230769230769,0,0,0,0,0,0,0
"FH15",106820,0,20,80,0,0,36923,0,0,0,0,0,0,0,0,0,0,0,0,0,0,0,0,0,0,0,0,0,0,0,0,0,0,100
"IO306",239220,0,7.5,92.5,0.0454545454545455,0.21320071635561,79985,0,0,0,0,0,0,0,0,0,0,0,0,0,0,0,0,0,0,0,0,0,0,0,0,0,0,100
"IO148",185220,0,0,100,0.8,0.645497224367903,60790,0,0,0,0,0,0,0,0,0,0,0,0,0,0,0,0,0,0,0,0,0,0,0,4,0,0,96
"FH30",116420,0,7.5,92.5,2.81818181818182,0.394771016975861,39971,0,0,0,0,0,0,0,0,0,0,0,0,100,0,0,0,0,0,0,0,0,0,0,0,0,0,0
"FHC02",163620,0,0,100,2.59259259259259,0.50071174413254,83550,0,0,0,0,25.9259259259259,0,3.7037037037037,0,7.40740740740741,0,0,0,11.1111111111111,0,11.1111111111111,0,0,0,0,40.7407407407407,0,0,0,0,0,0,0
"FH93",156420,0,0,100,2.96296296296296,0.192450089729875,65175,0,0,0,0,0,0,0,0,0,0,0,0,0,0,0,0,0,0,0,80.7692307692308,0,0,0,15.3846153846154,3.84615384615385,0,0
"IO244",216020,0,0,100,1.88,0.525991127935317,60333,0,0,8,0,12,0,0,0,32,0,0,0,4,0,0,0,0,12,0,0,0,4,0,0,8,0,20
"IO260",220020,0,0,100,2.46153846153846,0.508391127441794,74785,0,0,0,0,0,0,0,0,0,0,0,0,41.6666666666667,0,0,0,0,0,0,37.5,0,8.33333333333333,0,4.16666666666667,8.33333333333333,0,0
"IO324",246420,0,0,100,0.75,0.442325868464691,92308,0,0,0,0,0,0,0,0,0,0,0,0,0,0,0,0,0,0,0,0,0,0,0,0,0,0,100
"IO259",219220,0,5,95,2.64,0.489897948556636,88085,0,0,0,0,0,0,0,0,0,0,0,0,20,0,0,0,0,4,0,0,0,28,0,24,24,0,0
"IO254",218020,0,0,100,1.12,0.665832811847939,69380,0,0,0,0,0,0,0,0,0,0,0,0,0,0,0,0,0,0,0,0,0,0,0,4.34782608695652,0,0,95.6521739130435
"IO5",282020,0,0,100,1.04166666666667,0.750603621828092,78842,0,0,0,0,0,0,0,0,0,0,0,0,0,0,0,0,0,0,0,0,0,0,0,5,0,0,95
"IO134",182020,0,0,100,2.6,0.577350269189626,74000,0,0,0,0,0,0,0,0,0,0,0,0,32,0,20,0,0,0,0,44,0,0,0,0,0,0,4
"IO191",194420,0,0,100,0.652173913043478,0.647280721183483,52838,0,0,0,0,0,0,0,0,0,0,0,0,0,0,0,0,0,0,0,0,0,0,0,0,0,0,100
"IO236",213220,0,0,100,2.16,0.472581562625261,71170,0,0,0,0,4,0,0,0,0,0,0,4,28,0,0,0,0,16,0,0,12,8,0,12,12,0,4
"IO194",148610,0,10,90,0.666666666666667,0.492365963917331,52182,0,0,0,0,0,0,0,0,0,0,0,0,0,0,0,0,0,0,0,0,0,0,0,0,0,0,100
"FH111",104420,0,7.5,92.5,1.72,0.842614977317636,36441,0,0,0,0,8,0,0,0,28,0,0,0,4,0,0,0,0,0,0,20,0,0,0,0,0,0,40
"IO331",251620,0,7.5,92.5,0,0,93922,0,0,0,0,0,0,0,0,0,0,0,0,0,0,0,0,0,0,0,0,0,0,0,0,0,0,100
"IO126",179620,0,0,100,2.5,0.509901951359279,62722,0,0,0,0,15.3846153846154,0,0,0,0,7.69230769230769,0,0,23.0769230769231,0,23.0769230769231,0,0,3.84615384615385,0,26.9230769230769,0,0,0,0,0,0,0
"IO275",165010,0,0,100,1.125,1.5,58014,0,0,0,0,0,0,0,0,0,0,0,0,0,0,0,0,0,0,0,0,0,0,0,16.6666666666667,0,0,83.3333333333333
"IO71",287220,0,7.5,92.5,0.0454545454545455,0.21320071635561,94691,0,0,0,0,0,0,0,0,0,0,0,0,0,0,0,0,0,0,0,0,0,0,0,0,0,0,100
"FH8",149620,0,0,100,2.64,0.489897948556636,50271,0,0,0,0,4,0,0,0,4,0,0,0,28,0,12,0,0,0,0,52,0,0,0,0,0,0,0
"IO122",177220,0,5,95,2.48,0.509901951359279,57635,0,0,0,0,0,0,0,0,0,0,0,4,40,0,32,0,0,12,0,12,0,0,0,0,0,0,0
"IO356",266420,0,0,100,2.2258064516129,0.804556914057041,134404,0,0,0,0,3.2258064516129,0,0,0,0,0,0,0,32.258064516129,0,3.2258064516129,0,0,0,0,0,0,35.4838709677419,0,3.2258064516129,3.2258064516129,0,19.3548387096774
"IO217",204020,0,5,95,1,0.288675134594813,82365,0,0,0,4,0,0,0,0,4,0,0,0,0,0,0,0,0,0,0,0,0,0,0,0,0,0,92
"IO313",244020,0,0,100,0.16,0.374165738677394,81395,0,0,0,0,0,0,0,0,0,0,0,0,0,0,0,0,0,0,0,0,0,0,0,0,0,0,100
"IO133",181220,0,0,100,2.92307692307692,0.271746488194703,63324,0,0,0,0,0,0,0,0,0,0,0,0,7.69230769230769,0,26.9230769230769,0,0,0,0,65.3846153846154,0,0,0,0,0,0,0
"FH84",152020,0,7.5,92.5,2.2962962962963,0.724027985796491,49812,0,0,0,0,7.40740740740741,0,0,0,51.8518518518518,0,0,0,3.7037037037037,0,0,0,0,0,0,22.2222222222222,0,0,0,0,0,0,14.8148148148148
"FH85",152820,0,0,100,2.07692307692308,0.862316498502576,39148,0,0,0,0,0,0,0,0,46.1538461538462,0,0,0,0,0,0,0,0,0,0,0,0,0,0,23.0769230769231,0,0,30.7692307692308
"FH49",128020,0,7.5,92.5,2.5,0.512989176042577,43050,0,0,0,0,0,0,0,0,0,0,0,0,50,0,0,0,0,0,0,5,0,20,0,25,0,0,0
"IO294",232820,0,0,100,1.15151515151515,0.712443511849015,103849,0,0,0,0,0,0,0,0,0,0,0,0,0,0,0,0,0,0,0,0,0,3.84615384615385,0,0,0,0,96.1538461538462
"FH21",111220,0,0,100,2.64,0.489897948556636,41702,0,0,0,0,12,0,0,0,0,0,0,0,24,0,16,0,0,0,0,48,0,0,0,0,0,0,0
"IO354",264820,0,7.5,92.5,2.90909090909091,0.291937104060571,122811,0,0,0,0,6.06060606060606,0,0,0,0,0,0,0,3.03030303030303,0,54.5454545454545,0,0,0,0,36.3636363636364,0,0,0,0,0,0,0
"IO226",209620,0,0,100,2.26086956521739,0.688700443150182,66549,0,0,0,0,0,0,0,0,34.7826086956522,0,0,0,13.0434782608696,0,34.7826086956522,0,0,4.34782608695652,0,0,0,0,0,0,0,0,13.0434782608696
"IO220",205620,0,0,100,2.36,0.489897948556636,68285,0,0,0,0,4,0,0,0,40,0,0,4,12,0,36,0,0,0,0,0,4,0,0,0,0,0,0
"FH66",140420,0,7.5,92.5,2.92,0.276887462097269,44125,0,0,0,0,0,0,0,0,0,0,0,12,0,0,4,0,0,0,0,72,0,0,0,12,0,0,0
"FH39",121620,0,0,100,2.08333333333333,0.503610155185335,33099,0,0,0,0,0,0,0,0,39.1304347826087,0,0,0,39.1304347826087,0,0,0,0,0,0,0,0,13.0434782608696,0,0,0,0,8.69565217391304
"FH110",103620,0,0,100,2,0.925820099772551,44474,0,0,0,4.54545454545455,27.2727272727273,0,0,0,0,0,0,0,13.6363636363636,0,4.54545454545455,0,0,0,0,9.09090909090909,0,4.54545454545455,0,18.1818181818182,0,0,18.1818181818182
"FH17",108420,0,10,90,1.84615384615385,0.464095480892257,32210,0,0,0,0,0,0,0,0,76,0,4,0,0,0,0,0,0,0,0,0,0,0,0,0,0,0,20
"FH92",155620,0,0,100,2.67857142857143,0.547964004533647,57918,0,0,0,0,0,0,0,0,7.14285714285714,0,0,0,17.8571428571429,0,25,0,0,0,0,42.8571428571429,0,0,0,3.57142857142857,0,0,3.57142857142857
